{"type":"Topology","arcs":[[[9378,28920],[-8,-19],[-14,-6],[-14,-54],[7,-22],[-4,-48],[-16,-36],[9,-39],[-9,-16],[-12,-3],[2,-10],[-12,-10],[-17,0],[-36,-27],[-18,-7],[-5,10],[-15,-1],[-15,-30],[-13,-1],[-25,-27],[-39,-7],[8,-15],[-16,-10],[1,-24],[-9,-14],[6,-9],[-13,-23],[7,-11],[-14,-6],[-3,-26],[-11,-17],[-12,5],[-1,-15],[-31,-38],[4,-20],[-15,-2],[3,-18],[-23,-35],[6,-11],[-11,-7],[-8,6],[-13,-20],[-27,-70],[-21,-7],[-24,11],[1,-22],[-14,-17],[2,-11],[-40,-14],[-24,-32],[-18,-1],[-4,-14],[-18,3],[-5,-15],[-9,3],[-4,-44],[8,-14],[-20,-24],[10,-12],[-10,-11],[2,-21],[-19,-9],[3,-16],[-26,-14],[-36,-5],[-15,10],[-14,-13],[3,-30],[-12,10],[-10,-18],[-22,8],[-2,-9],[-23,-6],[-3,-16],[-19,-5],[15,-24],[-22,-46],[5,-15],[-14,5],[-21,-10],[16,-51],[-25,7],[-22,-10],[-1,-10],[-17,3],[3,-10],[-18,-6],[-34,-36],[4,-26],[-14,-8],[1,-10],[-18,11],[-12,-8],[-33,3],[0,-18]],[[8362,27573],[-8,-2],[-2,3]],[[8352,27574],[-4,7]],[[8348,27581],[-3,6],[3,4]],[[8348,27591],[23,33]],[[8371,27624],[-23,-1]],[[8348,27623],[-13,-24],[-4,1]],[[8331,27600],[-1,0]],[[8330,27600],[-3,0],[-2,16],[2,4]],[[8327,27620],[11,17]],[[8338,27637],[29,1]],[[8367,27638],[3,1],[1,5]],[[8371,27644],[2,11]],[[8373,27655],[1,4],[-3,-2]],[[8371,27657],[-46,-17]],[[8325,27640],[-4,37],[-11,10],[-24,-12],[-10,-35]],[[8276,27640],[-26,-5]],[[8250,27635],[-3,-1],[-45,55]],[[8202,27689],[-53,-13],[-12,27],[-1,71],[33,12],[1,29],[-52,55],[-16,-11],[-16,-40]],[[8086,27819],[-19,4]],[[8067,27823],[-3,0],[-1,3]],[[8063,27826],[-10,47]],[[8053,27873],[-25,29],[2,4]],[[8030,27906],[5,19]],[[8035,27925],[5,19],[3,3]],[[8043,27947],[5,5]],[[8048,27952],[13,13],[16,4]],[[8077,27969],[16,4],[8,10]],[[8101,27983],[193,-46],[55,31]],[[8349,27968],[-152,1339]],[[8197,29307],[22,1113],[-18,-16],[-8,-23],[-13,-3],[-1,46],[-48,15],[-33,-8],[-29,47],[-62,-1],[-31,23],[-5,-60],[-32,25],[-21,-3],[-12,-14],[-28,23],[-30,6],[-25,-16],[-35,23],[-13,-11],[-5,-27],[-30,35],[-43,-10],[-10,-29],[-17,33],[-46,-17],[-76,25],[-3,33],[-76,42],[-44,-7],[-10,38],[-8,4],[-23,-27],[-14,-2],[-29,34],[-9,-3],[-12,-15],[-4,-34],[-23,-13]],[[7293,30533],[-133,30],[13,325],[-14,119],[-20,4],[-16,-9],[9,47],[31,8],[21,58],[22,-17],[20,-3],[15,-22],[22,-9],[38,6],[96,70],[-39,12],[7,12],[-44,-20],[-27,16],[-64,136],[4,73],[49,128],[8,45],[-3,15],[-21,0],[-3,11],[10,0],[21,39],[19,89],[-14,24],[1,245],[6,34],[-32,135],[-8,134],[-26,55],[5,103],[-11,47],[3,54],[-8,19],[-10,161],[11,106],[-11,74],[4,16],[19,2],[-30,26],[-25,103],[-1,50],[-87,246],[-90,154],[-142,145],[-4,32],[9,40],[-17,-2],[-15,16],[-29,179],[-30,122],[-33,79],[-17,19],[-92,173],[-17,37],[3,11],[-12,2],[-50,70],[-98,109],[-76,67]],[[6390,34583],[-7,33],[28,42],[4,52],[-11,30],[13,15],[7,35],[58,45],[32,66],[42,51],[52,44],[17,25],[49,37],[27,66],[143,142],[94,156],[42,42],[7,23],[18,8],[9,-6],[287,261],[43,457]],[[7344,36207],[-19,54],[56,10],[28,-15],[22,0],[48,-30],[33,11],[6,-34],[30,-6],[20,-35],[13,1],[32,-25],[21,-4],[42,24],[31,4],[16,21],[49,-4],[54,28],[17,-5],[14,-28],[20,-7],[6,-18],[63,15],[37,-7],[35,8],[22,-22],[-19,-25],[10,-44],[30,-24],[12,-30],[36,10],[5,-46],[14,-16],[13,8],[10,-9],[24,20],[24,-37],[41,12],[21,-20],[32,22],[35,-32],[21,31],[58,31],[52,-61],[33,-22],[28,-14],[59,-7],[19,-16],[22,-39],[31,21],[66,-69],[152,-14],[1,-20],[-20,-28],[48,-40],[17,5],[47,39],[124,23],[16,53],[48,17],[15,26],[48,4],[16,46],[46,41],[21,45],[36,16],[3,30],[14,14],[-9,13],[23,28],[12,-3],[16,-16],[18,-48],[-21,-52],[18,-41],[11,-84],[44,-65],[17,-12],[75,-9],[48,39],[25,-46],[27,0],[16,-28],[94,-29],[25,1],[24,-121],[27,-43],[16,-61],[-13,-37],[14,-92],[-17,-54],[3,-97],[64,-86],[30,-56],[18,-61],[39,-54],[4,-20],[-7,-11],[-28,-19],[-31,-43],[-12,-26],[8,-18],[-8,-19],[64,-184],[-12,-28],[7,-31],[46,-105],[24,6],[19,23],[48,27],[-18,18],[-3,17],[17,40],[7,54],[11,10],[41,-56],[20,-1],[13,-25],[29,-8],[8,-57],[34,-32],[16,0],[30,19],[6,21],[15,2],[14,39],[27,0],[21,-20],[89,-4],[18,-9],[18,7],[2,34],[11,15],[-8,41],[12,35],[38,7],[7,18],[50,29],[13,16],[1,52],[90,-38],[31,-67],[32,-22],[43,-15],[34,-27],[22,-44],[26,-12],[24,18],[30,-28],[21,-3],[47,29],[22,-1],[39,36],[53,-4],[15,25],[14,-2],[9,-14],[145,28],[50,-40],[53,-14],[-40,-76],[59,-104],[15,-51],[-14,-48],[46,-34],[5,-34],[-36,-38],[-39,-25],[-50,-19],[-39,1],[-21,-15],[-28,12],[-13,-8],[0,-13],[-60,-36],[1,-46],[-76,-66],[-12,-51],[61,-9],[27,-24],[77,-12],[32,-33],[26,-8],[12,-21],[20,-1],[12,-38],[-5,-21],[74,5],[19,-30],[2,-82],[-50,-13],[7,-32],[-5,-37],[-28,-45],[-6,-55],[-22,-8],[-29,-70],[23,-1],[39,-40],[-5,-40],[-23,-17],[17,-55],[-13,-26],[28,-43],[-21,-19],[-15,-34],[7,-57],[19,-12],[17,1],[12,-22],[38,-15],[7,-24],[-53,-74],[-6,-38],[-13,4],[-61,-52],[-21,0],[19,-58],[-4,-19],[-26,-27],[-6,-41],[-21,-8],[9,-38],[-13,-18],[-8,-34],[-49,41],[-73,11],[-54,-45],[-94,29],[-47,-28],[-5,-14],[14,-52],[-77,-113],[-5,-34],[-23,-30],[5,-73],[-12,-53],[26,-79],[-72,-79],[-30,-82],[-61,-40],[22,-57],[10,-78],[-2,-3]],[[10775,31778],[-40,-54]],[[10735,31724],[-19,6],[-16,-18],[-15,17],[-11,2],[-10,-13],[-47,16],[-18,-17],[-68,-30],[-21,-25],[42,-56],[-1,-66],[42,-28],[26,-57],[50,-9],[29,-31],[14,3],[15,-10],[-21,-31],[3,-13],[-9,-13],[12,-20],[-11,-25],[5,-14],[-26,-39],[16,-64],[-22,-12],[-6,-26],[-18,-12],[14,-54],[-29,-30],[7,-83],[-34,3],[-16,-34],[-15,-2],[-19,9],[-9,21],[-42,15],[-17,-25],[14,-18],[17,-57],[18,-21],[-12,-6],[-9,-21],[-17,2],[-91,-45],[-9,-92],[34,-19],[5,-30],[17,-2],[18,-22],[30,-1],[11,-45],[13,-10],[-54,-43],[-12,-29],[4,-28],[24,-41],[13,-48],[-10,-56],[-28,-28],[-2,-51],[-10,-19],[10,-24],[-21,-24],[-15,-51],[-40,-34],[-15,-28],[-39,-21],[-14,9],[-16,-15],[-46,4],[-11,4],[-13,31],[-34,-9],[-16,-22],[4,-40],[-53,-39],[-34,-57],[-15,-51],[19,-14],[-10,-18],[0,-57],[-10,-13],[7,-97],[-13,-51],[-44,-46],[-17,-47],[4,-22],[21,-7],[4,-29],[-42,-60],[-19,-51],[9,-20],[-3,-29],[10,-14],[-7,-13],[2,-30],[-11,-11],[4,-33],[-55,-34],[-88,-86],[-27,-36]],[[9820,29044],[2,-17]],[[9822,29027],[0,-5],[-3,1]],[[9819,29023],[-17,7]],[[9802,29030],[-10,-17],[-14,10],[-8,-18],[-31,-1],[-18,21],[-26,-16],[-13,5],[-2,14],[-28,-4],[-2,-19],[-30,-40],[-3,16],[-24,-2],[-30,29],[-4,-9],[-35,-7],[-16,-14]],[[9508,28978],[-21,24],[-5,-1]],[[9482,29001],[-23,-8]],[[9459,28993],[-20,4],[-3,-2]],[[9436,28995],[-52,-34]],[[9384,28961],[-22,2],[-4,-5],[15,-10]],[[9373,28948],[1,-21],[4,-7]],[[6822,31575],[8,10],[19,-44],[-8,-17],[-11,11],[-8,40]],[[6830,31699],[4,-10],[-12,-8],[1,15],[7,3]],[[6797,31861],[-4,3],[5,5],[3,-5],[-4,-3]],[[6867,31935],[0,8],[16,6],[13,-20],[-9,-9],[-18,2],[-2,13]],[[7033,32303],[-17,2],[1,8],[20,3],[28,31],[62,-9],[2,-7],[-30,-17],[-66,-11]],[[7139,32325],[-3,2],[0,1],[5,0],[-2,-3]],[[4602,34502],[4,-17],[-6,-3],[-4,16],[6,4]],[[4657,34631],[-6,-12],[-16,2],[23,17],[-1,-7]],[[4616,34649],[4,1],[1,-4],[-6,-2],[1,5]],[[4705,34682],[1,-5],[-4,-2],[3,7]],[[4555,34687],[15,15],[15,-23],[-36,-5],[6,13]],[[4533,34714],[-10,1],[-9,46],[26,17],[6,-35],[14,-6],[-27,-23]],[[4558,34783],[0,-3],[-4,2],[4,1]],[[4556,34803],[-3,1],[-3,3],[6,1],[0,-5]],[[4623,34806],[-2,9],[10,-1],[0,-5],[-8,-3]],[[4652,34841],[5,-11],[-2,-7],[-9,23],[6,-5]],[[4915,34878],[8,-9],[-17,-7],[-6,17],[15,-1]],[[4920,34938],[11,2],[4,-9],[-20,-10],[-10,-22],[-10,1],[-2,21],[-9,-5],[-18,-45],[-14,-83],[-23,49],[-35,13],[1,29],[-59,2],[-16,-7],[-15,4],[-8,14],[-16,-17],[-7,8],[-19,-12],[-2,16],[-13,-1],[-2,8],[10,19],[23,-4],[16,20],[70,11],[43,-12],[10,15],[33,11],[6,11],[30,3],[21,-32],[20,2]],[[4939,34914],[19,24],[22,-15],[-21,-32],[-20,4],[0,19]],[[4684,35522],[15,-17],[3,-17],[-27,16],[9,18]],[[4806,35465],[-1,-39],[-26,43],[-1,27],[21,70],[13,9],[14,67],[10,7],[-18,-67],[-12,-117]],[[4736,35665],[0,-33],[27,-71],[-8,-9],[30,-8],[-15,-17],[1,-19],[-26,-2],[-23,36],[-42,13],[-51,48],[5,16],[-14,36],[20,38],[4,31],[12,4],[15,29],[18,-17],[11,-56],[6,-6],[27,9],[3,-22]],[[4142,33977],[-7,7],[10,24],[23,-37],[-26,6]],[[4180,34010],[6,-14],[-4,-11],[-8,12],[6,13]],[[4265,34012],[-13,-5],[-7,14],[6,11],[17,-1],[-8,-9],[5,-10]],[[4063,34033],[-2,-9],[-11,9],[11,2],[2,-2]],[[4041,34030],[0,3],[3,1],[-1,-4],[-2,0]],[[4241,34040],[3,-6],[-3,-3],[-4,7],[4,2]],[[4053,34067],[-3,-15],[-14,-15],[-5,14],[22,16]],[[4098,34081],[10,-8],[1,-14],[-26,7],[15,15]],[[3797,34071],[2,3],[3,1],[-1,-7],[-4,3]],[[3911,34354],[-4,-44],[-19,-8],[-8,-16],[-24,-10],[-19,-22],[35,-8],[-6,-32],[18,2],[7,-19],[-22,-50],[-12,2],[-10,16],[-53,2],[-13,-12],[-11,-51],[-8,-3],[-13,52],[24,12],[-23,66],[7,22],[-19,23],[39,49],[25,75],[11,5],[-3,-52],[28,43],[18,7],[-2,25],[13,-10],[-10,-25],[9,-19],[17,-15],[28,-5]],[[3941,34362],[-7,4],[7,9],[3,-8],[-3,-5]],[[3714,34413],[31,-7],[3,-38],[-1,-14],[-14,-8],[0,-17],[-14,-10],[-24,10],[-11,24],[8,40],[-13,25],[6,20],[7,3],[1,-10],[21,-18]],[[3899,34421],[-7,-2],[-2,7],[9,1],[0,-6]],[[3758,34478],[-1,-29],[-12,-1],[-26,40],[19,13],[14,-12],[21,3],[-15,-14]],[[3699,34495],[5,-1],[-15,-14],[1,12],[9,3]],[[3867,34538],[-3,4],[3,2],[1,-2],[-1,-4]],[[4380,34162],[-2,-3],[-2,3],[4,0]],[[4363,34166],[4,1],[0,-2],[-4,-2],[0,3]],[[4420,34168],[-9,5],[2,4],[5,-3],[2,-6]],[[4406,34187],[1,-2],[-4,-2],[1,3],[2,1]],[[4052,34117],[5,10],[15,-19],[-16,-23],[-14,11],[10,21]],[[4093,34173],[10,-4],[-15,-33],[-14,7],[19,30]],[[3986,34285],[9,3],[11,-11],[-8,-24],[-12,32]],[[4356,34274],[-5,-9],[-4,0],[5,14],[4,-5]],[[4423,34193],[3,3],[1,-3],[-4,0]],[[4416,34191],[-8,0],[-5,2],[8,5],[5,-7]],[[4364,34302],[3,7],[1,-7],[-4,0]],[[4578,34437],[-3,0],[0,6],[7,-1],[-4,-5]],[[4587,34451],[-14,6],[0,10],[16,-8],[-2,-8]],[[4468,34582],[26,-10],[4,-31],[17,-8],[-25,-35],[-3,-24],[8,-12],[37,-3],[-3,-42],[-31,-64],[-2,-27],[-20,-21],[-10,70],[-15,7],[-40,-6],[-16,-17],[-44,7],[-19,-26],[-9,0],[-25,69],[-3,50],[5,32],[31,31],[24,68],[75,49],[15,-29],[27,-12],[-4,-16]],[[4560,34496],[1,5],[2,-4],[-3,-1]],[[4588,34666],[4,-1],[-4,-4],[0,3],[0,2]],[[3858,34574],[0,2],[3,1],[-1,-4],[-2,1]],[[3943,34619],[6,0],[-2,-9],[-25,-7],[21,16]],[[3719,34625],[-24,14],[4,15],[17,-7],[24,23],[5,-29],[-19,-22],[-7,6]],[[3673,34797],[17,5],[0,-14],[-24,-3],[7,12]],[[3968,34320],[6,12],[15,-19],[-29,-20],[-10,8],[18,19]],[[4406,34780],[-10,-5],[7,-42],[-3,-50],[-25,-7],[-32,-34],[-26,1],[-12,-28],[12,-76],[-35,-50],[-7,-27],[4,-61],[38,-56],[-6,-17],[-16,-10],[-28,20],[-6,-7],[36,-22],[44,14],[20,29],[16,-26],[-21,-2],[-5,-37],[-28,2],[13,-32],[-7,-7],[14,-15],[-10,-10],[-14,-53],[-25,-12],[-3,-51],[-19,-3],[-8,-24],[-19,-18],[17,-16],[-6,-12],[-42,35],[-12,-11],[-6,24],[6,12],[-16,42],[6,12],[-19,11],[-42,-65],[-13,18],[2,-14],[-16,-9],[-2,41],[10,9],[2,26],[-19,32],[0,17],[-22,15],[4,45],[-17,21],[-5,-37],[-21,-15],[-9,8],[13,8],[-12,8],[-5,34],[13,18],[-16,-7],[-17,13],[19,36],[8,-3],[-11,43],[5,8],[26,-6],[7,7],[11,-5],[-2,-10],[18,0],[-7,15],[3,23],[27,9],[26,27],[-15,11],[4,20],[14,54],[22,25],[0,40],[17,14],[-7,21],[28,17],[30,-5],[44,26],[31,4],[31,76],[26,11],[9,15],[42,-5],[-1,-15]],[[4015,34566],[-2,7],[10,2],[-3,-7],[-5,-2]],[[4344,35865],[23,-21],[9,18],[32,-21],[12,6],[22,-11],[-4,-13],[34,-28],[5,-14],[-17,3],[-4,-16],[35,-17],[7,-16],[-20,-23],[-4,-35],[8,-14],[-13,-8],[2,-11],[9,2],[-2,-11],[19,-8],[14,9],[2,-17],[10,-10],[7,11],[28,-36],[29,16],[25,-47],[9,3],[1,-13],[16,-10],[9,17],[22,-34],[0,-16],[36,-21],[-6,-18],[13,8],[17,-100],[-35,-17],[-30,-49],[25,11],[26,36],[40,19],[0,13],[17,14],[15,-16],[6,-42],[-24,-80],[-10,-1],[9,-21],[-26,5],[-18,-28],[10,-1],[11,-34],[42,-49],[23,-14],[-7,-51],[8,-29],[-15,-13],[-2,-21],[-9,-7],[-32,-1],[-51,-22],[-11,-14],[-22,7],[-56,-30],[10,-38],[-11,-10],[-41,-21],[-10,11],[-20,-3],[-12,-13],[13,-48],[-11,-20],[-48,18],[-17,-2],[-2,38],[29,28],[0,27],[-54,76],[-29,9],[-46,-10],[-15,9],[-71,-43],[-15,8],[-45,-6],[-9,-5],[2,-12],[-22,1],[3,-52],[-20,-31],[-65,-47],[-13,-34],[-20,-2],[-8,-15],[-13,-1],[-9,-35],[-20,-6],[-29,20],[-21,-10],[-28,23],[-7,-3],[-5,-26],[-27,9],[3,-58],[-13,-4],[-1,-11],[-22,4],[4,-17],[-35,11],[2,-20],[-11,6],[-15,-6],[2,-42],[-36,5],[-9,16],[20,31],[-1,46],[16,3],[-17,1],[-16,82],[-46,56],[14,36],[8,58],[-2,80],[-21,128],[-11,29],[-30,48],[-15,-14],[-42,3],[-26,-8],[-6,-14],[-18,-7],[-1,16],[-32,-5],[-15,11],[4,27],[-24,17],[-26,-7],[-16,-17],[-22,19],[-53,-29],[-17,-1],[-21,16],[-29,47],[-22,91],[4,31],[-10,18],[12,48],[-2,66],[-16,24],[6,69],[-8,34],[23,19],[22,1],[62,-38],[14,16],[5,-28],[16,-20],[45,17],[14,46],[26,-17],[15,7],[19,-12],[96,24],[65,-15],[50,-24],[39,3],[-20,-31],[-8,-58],[15,-1],[11,-40],[-43,-62],[29,-8],[-5,9],[24,32],[-17,1],[35,55],[19,73],[28,4],[8,23],[13,-8],[5,-22],[36,-20],[46,14],[15,16],[1,16],[32,-49],[54,0],[50,15],[33,68],[83,121],[17,-21],[13,-3],[25,28],[33,16],[-36,-45],[28,24],[19,5],[2,-53],[6,0],[-1,37],[50,-37],[6,3],[14,-21],[1,27],[-22,48],[-2,29],[-2,-10],[-23,-9],[-20,16],[-5,-6],[-15,11],[-7,-3],[-16,15],[-5,24],[-10,0],[-10,-31],[-12,7],[-2,20],[13,6],[25,50],[14,-3],[16,-21]],[[3636,34850],[11,-2],[-2,-30],[-22,-36],[-57,-14],[-10,5],[-9,21],[43,28],[-2,31],[48,-3]],[[3471,35185],[-5,-12],[-7,1],[1,13],[11,-2]],[[3786,35447],[4,-6],[-10,-13],[-4,5],[10,14]],[[3487,35651],[-11,-13],[-7,5],[1,5],[17,3]],[[13475,24597],[-9,-7],[-19,-4]],[[13447,24586],[-6,-2]],[[13441,24584],[-6,-1],[-29,21]],[[13406,24604],[-23,-16],[-47,4]],[[13336,24592],[-25,16]],[[13311,24608],[-3,2],[-17,61]],[[13291,24671],[-1,3],[-7,3]],[[13283,24677],[-20,6],[-35,30]],[[13228,24713],[-39,66],[-53,15],[-15,32],[-34,3],[-32,21],[-21,-24],[-74,-25],[-61,19]],[[12899,24820],[-7,-5],[-16,32]],[[12876,24847],[26,68]],[[12902,24915],[1,4],[-21,18]],[[12882,24937],[-7,7]],[[12875,24944],[-4,3],[-24,4]],[[12847,24951],[-17,29],[-5,68],[-11,24],[-18,24],[-17,6],[-24,52],[-20,9],[-23,36],[-27,21],[8,25],[-7,45],[25,25],[-1,40],[30,40],[15,-10],[11,-26],[17,-7],[26,1],[46,47],[19,-2],[16,-32],[21,-7],[23,20],[8,32],[31,22],[0,44],[-12,52],[-28,42],[-12,73],[-21,38],[74,20],[45,-9],[9,14],[-6,56],[49,75],[9,43],[36,51],[11,58],[-27,32],[-14,50],[-38,48],[14,37],[-4,17],[23,12],[30,-3],[-12,34],[4,32],[17,6],[30,-19],[14,10],[13,-14],[34,34],[-2,8],[18,-4],[7,7],[36,-15],[28,10],[-13,19],[-37,25],[7,25],[-12,28],[4,26],[47,-7],[9,38],[38,48],[-15,47],[17,27],[6,31],[-6,73],[-14,15],[-17,62],[-12,5],[-13,37],[29,25],[-5,34],[-16,33],[-19,16],[-27,7],[-14,29],[-45,34],[-21,73],[17,16],[45,17],[33,-5],[27,46],[87,15],[36,34],[28,56],[15,60],[-4,94],[13,65],[-8,61],[20,53],[55,43],[25,47],[-35,61],[9,38],[-8,22],[29,57],[11,90],[-14,40],[-18,18],[2,35],[8,32],[37,47],[-21,34],[-4,36],[33,23],[3,52],[16,30],[37,12],[21,48],[16,15],[-4,41],[27,64],[-26,100],[32,49],[31,27],[2,23],[-15,51],[10,41],[-3,55],[16,-1],[19,24],[24,-19],[11,-51],[27,-5],[27,19],[15,-10],[9,31],[-10,55],[8,28],[51,23],[19,41],[43,-21],[10,26],[14,9],[-23,60],[29,169],[22,24],[25,2],[34,-12],[25,20],[29,5],[-2,15],[53,96],[-8,105],[9,59],[31,-19],[87,-136],[33,-20],[31,-1],[9,17],[48,15],[27,-13],[13,-27],[42,-16],[17,-20],[5,-28],[10,-4],[29,24],[17,40],[114,-11],[24,30],[-1,17],[41,32],[46,14],[24,32],[75,22],[26,48],[3,33],[29,20],[19,34],[-48,29],[-35,88],[5,53],[9,11],[-4,36],[10,22],[4,69],[-23,40],[-8,150],[-24,33],[60,90],[6,82],[-11,80],[-15,28],[-27,24],[-36,-21],[-21,-52],[-33,19],[-21,39],[2,19],[-55,-4],[-29,-8],[-26,-21],[-18,-41],[-22,-11],[-26,30],[-42,11],[-17,29],[-36,-4],[-41,-19],[-61,70],[18,39],[29,23],[-5,15],[16,8],[-4,35],[33,15],[18,38],[-16,11],[4,36],[34,37],[-11,44],[41,88],[-6,24],[-22,19],[-13,-2],[-13,35],[-21,3],[-4,13],[-20,6],[-20,-4],[-25,13],[-11,19],[-35,9],[18,37],[-15,30],[44,77],[-6,21],[-28,31],[13,79],[-13,45],[6,30],[10,12],[24,1],[4,23],[39,58],[6,24],[70,48],[19,41],[14,6],[-15,39],[-9,65],[-19,29],[24,29],[-20,120]],[[14559,31780],[9,33]],[[14568,31813],[0,2],[61,-13],[34,13],[16,22],[36,0],[35,95],[17,-14],[3,-25],[93,-20],[24,-37],[14,-5],[9,-2],[40,33],[21,-7],[29,7],[43,-13],[38,-46],[24,-4],[34,-27],[-11,-53],[6,-37],[88,-102],[37,-7],[33,-38],[24,3],[23,-26],[16,-40],[59,5],[-10,110],[-27,29],[101,194],[15,8],[15,-7],[63,8],[9,12],[38,-15],[14,3],[9,9],[-18,13],[-2,20],[-17,0],[11,24],[42,16],[15,-16],[23,26],[1,14],[24,11],[-6,33],[-19,27],[12,71],[23,9],[11,28],[29,-6],[13,25],[14,7],[58,-12],[43,12],[27,17],[52,38],[-7,31],[18,24],[39,10],[31,57],[-18,31],[-4,59],[-14,2],[-30,94],[6,8],[-17,-5],[-3,25],[-32,3],[-15,25],[3,27],[18,34],[13,-5],[15,51],[-3,16],[8,4],[-9,14],[8,41],[-9,9],[2,21],[45,-2],[36,40],[-6,14],[-9,-2],[6,39],[-13,47],[32,27],[-6,18],[-12,3],[14,36],[18,-15],[-2,40],[14,-2],[3,-17],[11,5],[-10,34],[12,-4],[5,-16],[5,28],[10,-11],[21,1],[-9,19],[28,0],[21,34],[22,16],[-16,68],[44,48],[6,22],[-9,15],[32,-17],[54,73],[46,0],[21,22],[-4,25],[8,13],[37,-2],[24,16],[23,-8],[12,48],[44,31],[12,33],[16,-10],[108,67],[20,36],[3,25],[16,-3],[-10,35],[8,0],[5,35],[16,26],[11,-2],[5,16],[18,-1],[11,40],[10,1],[-6,13],[9,-1],[8,33],[16,7],[-2,20],[9,-3],[9,16],[7,38],[29,10],[-4,17],[28,31],[-22,73],[-14,-5],[-10,9],[4,41],[-18,31],[-12,-8],[-9,9],[13,53],[-17,67],[2,34],[16,28],[-7,44],[11,63],[-4,31],[66,51],[-3,31],[-30,27],[45,-12],[64,-66],[75,-39],[42,-35],[27,-3],[72,22],[71,0],[52,-10],[-56,-1],[-27,-22],[0,22],[-30,-1],[-22,-16],[-22,5],[-25,-19],[-4,5],[13,10],[-20,-10],[-32,5],[28,-24],[70,-33],[90,-11],[-2,-19],[74,-4],[22,24],[31,5],[1,11],[-24,-1],[-15,11],[-2,21],[71,28],[108,-5],[14,10],[40,3],[47,-6],[4,20],[-34,20],[19,0],[85,-42],[105,-76],[41,-10],[101,-71],[64,-5],[151,-54],[80,-53],[8,-21],[9,-1],[2,11],[24,-28],[105,-147],[59,-101],[474,-1155],[43,-76],[8,4],[89,-134],[8,5],[113,-140],[160,-148]],[[19347,32148],[-269,-337],[-177,-163],[-122,-91],[13,-13],[-37,-44],[-43,-82],[-16,-12],[-4,-21],[-20,0],[-47,-49],[-15,-51],[-27,-39],[-26,15],[-60,-46],[3,-20],[-14,-30],[20,-17],[1,-13],[24,-32],[-9,-37],[12,-24],[-9,-56],[4,-27],[18,-44],[-8,-53],[30,-25],[6,-44],[15,-3],[11,-28],[13,-7],[-27,-63],[2,-143],[25,-69],[13,-45],[-4,-20],[25,-75],[-2,-6],[-24,6],[-15,-10],[3,-20],[-20,-60],[-24,-10],[-18,-31],[-47,-4],[-7,-19],[14,-39],[22,-8],[34,-75],[-18,-90],[0,-46],[23,-16],[20,-31],[14,-35],[-4,-14],[-12,-4],[7,-31],[20,-54],[8,-3],[-6,-27],[-32,-31],[-17,-46],[-31,15],[-20,-20],[6,-81],[15,-17],[19,7],[13,-28],[26,-18],[10,-30],[58,-12],[12,-32],[24,-2],[19,17],[-5,-48],[14,-8],[17,-46],[23,-28],[53,-1],[18,-40],[-8,-9],[-8,5],[-14,-27],[-41,-6],[-20,-21],[9,-45],[-10,-40],[11,-87],[-15,-21],[-31,-8],[-12,-51]],[[18699,28954],[-5,-84],[-13,-30]],[[18681,28840],[12,-30],[-6,-36]],[[18687,28774],[17,-56]],[[18704,28718],[0,0],[-11,-34]],[[18693,28684],[-10,-33],[0,0]],[[18683,28651],[12,-110]],[[18695,28541],[-13,-46],[0,0]],[[18682,28495],[9,-49]],[[18691,28446],[32,-73]],[[18723,28373],[-20,-104],[-4,-5]],[[18699,28264],[-19,-24],[-12,-43]],[[18668,28197],[20,-21],[101,2],[29,-25],[19,-42],[76,3],[41,-14],[4,-29],[37,-11],[17,-44],[46,-44],[9,-38]],[[19067,27934],[13,-19],[47,-6]],[[19127,27909],[60,-36],[37,-9],[1,-22],[26,-46],[45,-28],[1,-36],[-30,-29],[-22,-4],[0,-55],[-14,-21],[-12,-7],[-49,11],[-33,-73],[25,-14],[17,-53],[34,-51],[-18,-42],[3,-29],[34,-46],[-7,-22],[23,-28],[-46,-100],[-17,1],[-55,-23],[14,-18],[-11,-58],[43,-112],[37,-51],[51,-38],[-34,-67],[24,-16],[4,-41],[-28,-8],[-12,-24],[6,-89],[-37,-98],[122,-49],[17,11],[23,45],[22,8],[45,-27],[25,5],[29,-12],[15,-20],[16,3],[11,-14],[37,5],[86,-91],[3,-16],[21,-27],[69,6],[70,-77],[38,-2],[25,-30],[27,2],[41,-38],[30,-9],[5,11],[10,-2],[25,-50],[-45,-98],[-1,-48],[10,-14],[26,-5],[38,-55],[12,-95],[28,-31],[5,-19],[-18,-15],[1,-24],[-33,-41],[-8,-31]],[[20014,25683],[-20,5]],[[19994,25688],[-25,6]],[[19969,25694],[-74,20]],[[19895,25714],[-37,41],[-97,47],[-13,-13],[-8,-27],[-37,-26],[22,-37],[6,-44],[-26,-15],[-5,-28],[-12,-15],[6,-22],[-20,-18],[24,-28],[13,-36],[1,-65],[17,-96],[-14,-28],[4,-48],[-40,-6],[-24,20],[-14,-1],[-39,35],[-66,-29],[-100,109],[-20,5],[-16,-15],[-20,-80],[-35,-45],[-32,-19],[-11,-40],[-52,-12],[-35,-40],[-39,10],[-20,-9],[-111,104],[-135,88],[13,26],[-62,45],[-68,-1],[-43,-11],[-45,22],[-63,11],[-35,-28],[-29,9],[-96,1],[-21,-18],[-52,-7],[-29,-42],[5,-31],[55,-34],[-3,-55],[-29,-28],[-13,-51],[-93,-77],[-23,-49],[11,-22],[-6,-16],[-26,-4],[-10,16],[-23,-34],[-64,15],[-34,-10],[-13,19],[-34,8],[-53,29],[-67,53],[-84,44],[-48,-32],[-74,-5],[-50,-29],[-31,-7],[-11,6],[-15,-28],[20,-82],[-24,-2],[-30,-28],[-30,5],[-45,34],[-38,5],[-31,19],[-34,58],[-36,34],[-58,25],[-10,28],[12,19],[0,42],[-29,51],[-33,23],[-23,41],[-79,72],[-26,7],[-61,45],[-35,53],[21,92],[-38,64],[-28,74],[-18,5],[-97,-24],[-31,-28],[-18,1],[-27,-35],[-79,-44],[-26,-6],[-21,20],[-7,-4],[-40,-42],[6,-36],[-11,-22],[-15,12],[-19,-4],[-4,22],[-11,6],[-16,-6],[-14,7],[-21,49],[-17,9],[-30,-5],[-12,-44],[-33,18],[-32,52],[-27,18],[-16,25],[7,44],[-8,19],[-29,-19],[-17,11],[-11,-12],[-18,6],[5,-48],[-22,-21],[11,-21],[-4,-25],[-15,15],[-12,-2],[-40,37],[-16,1],[-10,63],[-17,6],[-7,17],[-69,-37],[-11,-26],[-3,-48],[19,-73],[-11,-60],[10,-54],[-32,-147],[-19,-48],[9,-32],[-11,-53],[-29,-47],[-60,-10],[-15,-33],[-10,-56],[-37,-58],[-17,-124],[-53,-15],[-34,25],[-10,20],[-10,73],[-21,45],[3,42],[20,34],[-10,40],[8,38],[-34,18],[9,35],[-26,26],[-31,15],[-59,10],[-21,31],[-10,47],[-10,-1],[-34,-46]],[[15564,25241],[-15,-4],[-7,6]],[[15542,25243],[-18,12]],[[15524,25255],[-11,59]],[[15513,25314],[-2,15],[10,31]],[[15521,25360],[-27,89],[-32,9],[-34,-33],[-34,16],[-21,29]],[[15373,25470],[4,164]],[[15377,25634],[-23,23],[-9,28],[-52,1],[-29,20],[-22,-5],[4,-26],[-7,-6],[-86,13],[-19,-37],[-15,-66],[-5,-100],[11,-48],[-10,-40],[18,-20],[-5,-16],[-22,-17],[-12,-32],[11,-20],[-14,-76],[6,-23],[17,-12],[5,-59],[-31,-56],[-5,-109],[-19,-78],[-9,-4],[-27,16],[-23,-15],[-5,-7],[11,-52],[-12,-11],[-26,14],[-37,5],[-49,54],[-22,-3],[-17,-21],[4,-41],[-17,-15],[-10,3],[-21,-15],[-26,6],[-17,-24],[-105,-25],[-66,-37],[-30,0],[-26,-65],[-4,-63],[-32,-47],[-56,-42],[-37,-4],[-22,14],[-27,-4],[-69,-69],[-15,0],[-19,21],[-21,62],[-11,5],[-94,-14],[-17,-13],[-12,-26],[-25,26],[-2,36],[-40,10],[-19,19],[2,19],[-41,39],[-45,9],[-30,-16],[-19,6],[-23,42],[-11,57],[-58,61],[-50,16],[-14,32],[-12,5],[-18,-29],[-41,4],[-11,-7],[-32,36],[-33,-67],[-30,-14],[-37,18],[-16,-14],[-15,-41],[-9,-64],[6,-42]],[[7504,27869],[36,-27],[488,66]],[[8028,27908],[2,-2]],[[8030,27906],[23,-33]],[[8053,27873],[7,-43],[3,-4]],[[8063,27826],[4,-3]],[[8067,27823],[4,-6],[15,2]],[[8202,27689],[48,-54]],[[8250,27635],[1,-1],[25,6]],[[8325,27640],[43,21],[3,-4]],[[8371,27657],[2,-2]],[[8373,27655],[3,-5],[-5,-6]],[[8371,27644],[-4,-6]],[[8367,27638],[-2,-1],[-27,0]],[[8338,27637],[-11,-15],[0,-2]],[[8327,27620],[3,-20]],[[8330,27600],[0,-2],[1,2]],[[8331,27600],[17,23]],[[8371,27624],[-24,-30],[1,-3]],[[8348,27591],[0,-10]],[[8348,27581],[1,-7],[3,0]],[[8352,27574],[10,-1]],[[9378,28920],[-5,28]],[[9384,28961],[48,34],[4,0]],[[9436,28995],[23,-2]],[[9459,28993],[21,9],[2,-1]],[[9482,29001],[26,-23]],[[9802,29030],[13,-11],[4,4]],[[9819,29023],[3,4]],[[9822,29027],[3,4],[-5,13]],[[10735,31724],[38,54],[2,0]],[[10775,31778],[29,10],[17,-34],[34,-1],[4,-22],[12,-7],[2,-23],[58,-25],[23,-72],[40,-44],[13,-34],[25,-21],[21,15],[49,1],[24,16],[44,3],[-7,-51],[18,-49],[14,-4],[17,11],[79,-44],[-16,-30],[0,-25],[30,8],[2,-18],[24,-33],[43,-13],[-15,-26],[13,-18],[1,-23],[84,-68],[32,-51],[7,-40],[20,-20],[15,-54],[-1,-39],[22,-31],[-6,-66],[24,-61],[2,-28],[12,-7],[38,7],[14,14],[0,39],[43,1],[25,27],[53,31],[9,14],[-7,31],[23,37],[94,24],[22,-9],[27,3],[33,31],[10,25],[21,-7],[31,15],[2,14],[18,14],[3,37],[13,5],[5,17],[-20,37],[1,32],[22,7],[54,-7],[18,17],[40,12],[15,26],[24,-1],[7,7],[-5,44],[24,33],[24,2],[11,17],[-12,48],[18,61],[-22,93],[-19,36],[-5,85],[97,218],[90,65],[61,-17],[62,-58],[44,-2],[38,47],[87,2],[95,112],[89,22],[8,47],[29,48],[7,49],[44,37],[12,69],[19,-23],[61,-2],[52,5],[19,13],[34,-8],[21,14],[21,-33],[16,-2],[15,11],[74,-21],[75,40],[38,-25],[35,7],[33,-11],[13,7],[-2,67],[16,5],[30,-17],[17,11],[24,45],[37,17],[13,32],[40,28],[29,-20],[25,49],[81,55],[69,13],[27,-13],[84,46],[20,32],[26,12],[26,-17],[11,-81],[42,-15],[8,-17],[58,16],[31,-18],[14,-57],[37,-51],[29,-103],[81,-13],[55,31],[32,-17],[-1,-20],[21,-24],[1,-9],[-18,-10],[-23,-41],[9,-20],[16,-7],[6,-26],[-10,-42],[-14,-19],[13,-46],[-2,-36],[-9,-12],[4,-55],[13,-5],[11,16],[12,-5],[19,-38],[-18,-44],[32,-28],[-7,-27],[28,1]],[[14568,31813],[0,0],[-9,-33]],[[12847,24951],[28,-7]],[[12875,24944],[2,-1],[5,-6]],[[12882,24937],[20,-22]],[[12902,24915],[4,-5],[-30,-63]],[[12876,24847],[15,-46]],[[12891,24801],[2,-3],[-4,-2]],[[12889,24796],[-32,-16]],[[12857,24780],[-6,-23],[-24,-15]],[[12827,24742],[-32,-40]],[[12795,24702],[-4,-4],[-29,-9]],[[12762,24689],[-1,0],[32,-106]],[[12793,24583],[2,-62],[-11,-59],[7,-31],[17,-21],[1,-29],[39,-63],[41,-3],[44,-27]],[[12933,24288],[25,-97]],[[12958,24191],[2,-7],[-1,-1]],[[12959,24183],[-23,-16]],[[12936,24167],[-25,-36],[-45,1],[-49,-15],[40,-61],[-54,-54],[-19,-100],[-36,-39],[-46,-9],[-14,-14],[-2,-19],[-15,8],[-9,-7]],[[12662,23822],[-2,-76],[2,-2]],[[12662,23744],[12,-17]],[[12674,23727],[41,14],[64,-38],[5,-42],[-26,-45],[7,-13],[32,-15],[-5,-24],[18,-46],[51,17],[17,33],[61,21],[32,-5],[23,11],[29,-37],[24,-1],[38,-39],[2,-19],[14,-9],[48,12],[101,-16],[5,-33],[29,-42],[-21,-9],[-12,-17],[-15,-38],[-2,-28],[-12,-16],[5,-23],[-26,-29],[-32,-13],[-10,-26],[18,-25],[42,-13],[58,-38],[12,-78],[25,-29],[-7,-42],[15,-28],[-19,-53],[2,-38],[-19,-75],[8,-19],[31,-19],[27,-36],[46,-32],[-15,-51],[-47,-28],[-7,-15],[-2,-94],[14,-18],[19,-4],[30,-35],[33,10],[43,-28],[60,-12],[19,14],[7,-17],[28,-13],[33,7],[28,-7],[7,-38],[-20,-11],[-9,-47],[-8,-12],[-22,-1],[-13,-16],[13,-58],[-14,-31],[8,-33],[-16,-17],[10,-47],[34,-7],[16,-121],[41,-41],[12,-42],[18,4],[49,44],[36,1],[6,-16],[22,-7],[11,-22],[107,-62],[2,-36],[18,-16],[15,-1]],[[13964,21763],[18,-18]],[[13982,21745],[1,-1],[9,2]],[[13992,21746],[12,4],[1,-2]],[[14005,21748],[8,-14]],[[14013,21734],[5,-9],[6,-18]],[[14024,21707],[7,-24]],[[14031,21683],[2,-6],[-5,-29]],[[14028,21648],[19,-35],[-24,-33],[-1,-32],[-29,-30],[-32,-83],[-20,-27],[1,-25],[-29,-24],[-6,-20],[16,-94],[20,-14],[8,-33],[56,-24],[-16,-64],[24,-46],[-4,-88],[18,-10],[-7,-16],[17,-23],[-32,-41],[28,-28],[-21,-19],[-15,2],[23,-51],[-5,-30],[19,-37],[-32,-48],[39,-39],[-15,-28],[18,-37],[115,-94],[25,-40],[-35,-113],[19,-47],[-6,-29],[-23,-9],[-38,-37],[30,-35],[9,-32],[3,-64],[-30,-66],[56,-37],[58,-6],[14,-29],[43,-48],[1,-20]],[[14287,19865],[14,-6],[0,0]],[[14301,19859],[-7,-23],[1,-1]],[[14295,19835],[8,-24]],[[14303,19811],[-13,-4]],[[14290,19807],[-2,18]],[[14288,19825],[0,1],[-33,-2]],[[14255,19824],[-48,12]],[[14207,19836],[-24,-5],[-2,-4]],[[14181,19827],[-32,-70]],[[14149,19757],[-10,-60],[-87,-79]],[[14052,19618],[-5,-39],[0,-1]],[[14047,19578],[6,-27]],[[14053,19551],[-15,-18],[-3,-18],[-38,-3],[-17,-52],[-38,-15],[-12,-33],[-30,6],[-27,-25],[-9,13],[-9,-18],[5,-17],[-42,-56],[0,-25],[-14,0],[-15,-16],[-11,10],[-34,-3],[-20,-17],[-17,-3]],[[13707,19261],[-29,45],[-4,3]],[[13674,19309],[-44,38]],[[13630,19347],[-20,5],[-23,35],[-23,4],[-18,-12],[-41,25],[-14,-3],[-27,48],[-3,22],[-31,20]],[[13430,19491],[-26,-4]],[[13404,19487],[-1,0],[0,-5]],[[13403,19482],[-1,-5],[-1,0]],[[13401,19477],[-23,12]],[[13378,19489],[-2,0],[1,11]],[[13377,19500],[-16,15]],[[13361,19515],[-1,1],[1,1]],[[13361,19517],[6,11]],[[13367,19528],[0,1]],[[13367,19529],[1,1],[-11,9]],[[13357,19539],[3,10]],[[13360,19549],[-8,-2]],[[13352,19547],[-2,0],[4,3]],[[13354,19550],[2,1],[0,1]],[[13356,19552],[-14,19]],[[13342,19571],[1,18],[-24,24],[0,12],[-22,2],[-1,33],[-14,10],[-6,33],[-13,-8],[-18,15],[-41,-12],[-8,10],[-18,-15],[5,10]],[[13183,19703],[-12,-6]],[[13171,19697],[0,0],[-14,6]],[[13157,19703],[-5,38],[-22,-4],[-7,16],[-7,-12],[-17,0],[-35,24],[1,13]],[[13065,19778],[8,-2]],[[13073,19776],[1,-1],[-4,6]],[[13070,19781],[-24,1],[-10,24],[-25,9],[-9,14],[-27,-14],[-8,12],[8,0],[0,13],[-12,5],[8,3],[-7,13],[8,21],[-21,14],[8,4]],[[12959,19900],[-9,16],[0,0]],[[12950,19916],[3,2]],[[12953,19918],[5,3]],[[12958,19921],[1,0],[-8,12]],[[12951,19933],[0,1]],[[12951,19934],[-1,1],[-13,0]],[[12937,19935],[6,5]],[[12943,19940],[-7,14],[-17,8]],[[12919,19962],[-18,38],[-21,-14],[-8,10],[5,8],[-19,-13],[-21,21]],[[12837,20012],[-28,-20]],[[12809,19992],[-3,-1],[-5,14]],[[12801,20005],[-5,-20],[-14,4],[-19,-37],[-13,19],[-37,-19],[-12,5],[-9,-31],[-11,7],[-6,-20],[-12,4],[-29,-14],[8,-44]],[[12642,19859],[-18,-4]],[[12624,19855],[-1,0],[10,-16]],[[12633,19839],[-13,-3],[-2,-14],[-12,3]],[[12606,19825],[-3,-18]],[[12603,19807],[-2,-9],[2,-1]],[[12603,19797],[15,-8]],[[12618,19789],[11,7]],[[12629,19796],[17,-40]],[[12646,19756],[-5,-42],[9,0],[7,-19],[9,9],[6,-19],[3,7],[21,-10],[4,-13],[-1,-56],[16,-49],[-3,-18],[31,-73]],[[12743,19473],[-2,-28]],[[12741,19445],[0,0],[-32,-85]],[[12709,19360],[-33,-27],[-15,19],[-20,-19],[-34,8],[-23,-29],[-37,-6],[1,-15],[-20,-42],[-26,-12],[-16,0],[-9,24],[-27,6],[-4,-9],[-25,-1],[-33,-18],[0,-29],[-47,-1],[-4,10],[-10,-11],[-23,9],[-19,-9],[-21,13],[-5,13],[-30,-5],[-24,28],[-15,42],[1,26],[14,22],[-9,4],[3,23],[-20,32],[8,-2],[12,21],[-10,16],[16,41],[-1,24],[-46,4],[-62,-32],[-37,-2],[-28,-26],[-22,-7],[-3,44],[-17,-9],[-15,5],[-9,25],[-10,0],[-8,16],[-10,-3],[-8,21],[5,11],[-9,7],[-11,-25],[11,-38],[-27,8],[-4,19],[-7,-2]],[[11887,19522],[-88,-65]],[[11799,19457],[-24,22],[3,30],[28,-19],[31,52]],[[11837,19542],[43,25],[0,0]],[[11880,19567],[4,14]],[[11884,19581],[-107,-18],[0,29],[-22,48],[-1,38],[-10,10],[-10,-28]],[[11734,19660],[5,-32],[0,-1]],[[11739,19627],[-7,-82]],[[11732,19545],[-35,96],[-14,17]],[[11683,19658],[-13,-15]],[[11670,19643],[-1,-1],[0,-3]],[[11669,19639],[13,-51]],[[11682,19588],[2,-6]],[[11684,19582],[1,-5],[-3,-6]],[[11682,19571],[-4,-7]],[[11678,19564],[-1,-1],[-9,6]],[[11668,19569],[-21,16],[-21,6]],[[11626,19591],[-50,15]],[[11576,19606],[2,12],[55,51],[-50,37]],[[11583,19706],[-9,51]],[[11574,19757],[0,1],[-2,2]],[[11572,19760],[-9,8]],[[11563,19768],[-2,3],[-2,-8]],[[11559,19763],[-19,-56]],[[11540,19707],[-23,-32]],[[11517,19675],[-1,-1],[2,-48]],[[11518,19626],[-7,-9],[-1,-1]],[[11510,19616],[-17,-1]],[[11493,19615],[-36,49]],[[11457,19664],[-19,3]],[[11438,19667],[-4,1],[-3,-8]],[[11431,19660],[-6,-14]],[[11425,19646],[-4,-8],[3,-41]],[[11424,19597],[0,-1],[-2,-1]],[[11422,19595],[-12,-9]],[[11410,19586],[-4,-3],[-3,3]],[[11403,19586],[-15,11]],[[11388,19597],[-2,2],[0,2]],[[11386,19601],[-1,9]],[[11385,19610],[-5,38]],[[11380,19648],[-1,7],[-5,-2]],[[11374,19653],[-30,-12]],[[11344,19641],[-5,-2]],[[11339,19639],[-2,-1],[-33,5]],[[11304,19643],[-23,-69],[-1,-1]],[[11280,19573],[-3,-3]],[[11277,19570],[-7,-7],[-3,0]],[[11267,19563],[-9,0]],[[11258,19563],[-4,0],[-1,1]],[[11253,19564],[-10,12]],[[11243,19576],[-3,3],[0,2]],[[11240,19581],[-1,19]],[[11239,19600],[34,66],[-26,74],[91,-20],[36,-36]],[[11374,19684],[15,1]],[[11389,19685],[1,0],[0,16]],[[11390,19701],[-70,85]],[[11320,19786],[1,33]],[[11321,19819],[0,1],[16,41]],[[11337,19861],[-15,17],[-20,-9]],[[11302,19869],[-48,-77],[-1,0]],[[11253,19792],[-49,-15],[-1,-3]],[[11203,19774],[-21,-61]],[[11182,19713],[-18,-2]],[[11164,19711],[-12,10]],[[11152,19721],[0,0],[5,92]],[[11157,19813],[0,1],[-6,17]],[[11151,19831],[-16,42],[0,2]],[[11135,19875],[1,4]],[[11136,19879],[2,12],[24,28]],[[11162,19919],[2,1],[0,1]],[[11164,19921],[1,26]],[[11165,19947],[-9,8],[-40,-16]],[[11116,19939],[-43,-37],[-12,-2]],[[11061,19900],[-53,-9]],[[11008,19891],[-21,-3]],[[10987,19888],[-2,-1],[-1,3]],[[10984,19890],[-3,9]],[[10981,19899],[-1,2],[19,39]],[[10999,19940],[2,4],[0,0]],[[11001,19944],[0,19]],[[11001,19963],[0,4],[-31,46]],[[10970,20013],[-30,4],[-13,-7]],[[10927,20010],[-57,-30],[-4,1]],[[10866,19981],[-55,12],[-10,-4]],[[10801,19989],[-12,-6]],[[10789,19983],[-7,-4],[-3,-3]],[[10779,19976],[-12,-15]],[[10767,19961],[-5,-7],[0,-2]],[[10762,19952],[-15,-125],[-3,-2]],[[10744,19825],[-38,-20]],[[10706,19805],[-1,0],[0,0]],[[10705,19805],[-45,12]],[[10660,19817],[-18,5],[-25,45]],[[10617,19867],[-7,12]],[[10610,19879],[-4,8],[-2,72],[107,69],[3,23]],[[10714,20051],[1,9],[-1,4]],[[10714,20064],[-13,38]],[[10701,20102],[-35,31],[-23,11]],[[10643,20144],[-8,4]],[[10635,20148],[-18,9],[-69,3]],[[10548,20160],[-29,11],[-6,8]],[[10513,20179],[-10,14]],[[10503,20193],[-5,6],[1,14]],[[10499,20213],[2,28]],[[10501,20241],[1,8],[31,115]],[[10533,20364],[-8,27]],[[10525,20391],[-1,3],[-8,4]],[[10516,20398],[-5,3]],[[10511,20401],[-7,3],[-39,-1]],[[10465,20403],[-147,-64]],[[10318,20339],[-113,-28]],[[10205,20311],[-13,-3],[-72,4]],[[10120,20312],[-47,2],[-6,-2]],[[10067,20312],[-84,-29],[0,0]],[[9983,20283],[-117,-3]],[[9866,20280],[-37,-1]],[[9829,20279],[-1,0],[-9,10],[-56,-13],[-64,-69],[-56,-81],[-132,69],[-105,34],[-56,40],[-56,-38],[-163,269],[25,27],[-14,49],[-1,45],[6,629],[26,66],[32,29],[40,15],[126,-75],[117,-34],[15,174],[20,102],[-7,153],[-81,108],[-96,69],[-30,9],[-28,85],[-32,49],[-42,50],[-90,72],[-131,53],[-46,4],[-18,-86],[-99,1],[-68,-80],[20,-37],[-9,-7],[-48,88],[28,36],[-6,56],[-25,15],[-14,-30],[-17,10],[-61,-51],[29,-32],[-11,-12],[-83,106],[12,9],[44,-60],[75,61],[-13,77],[-21,41],[-26,14],[-7,52],[42,33],[5,45],[-18,-2],[1,-28],[-10,-19],[-44,-5],[-7,21],[2,33],[27,-4],[-1,20],[18,4],[12,-19],[19,3],[-2,12],[-80,76],[-56,1],[-1,53],[40,0],[4,17],[-14,5],[-5,102],[-18,7],[18,19],[5,66],[-37,32],[10,24],[-7,77],[-13,12],[-3,-8],[-22,0],[6,21],[-4,27],[-23,45],[-11,4],[-14,-17],[-25,19],[-27,-25],[-19,5],[11,71],[24,23],[123,309],[-13,20],[14,22],[8,91],[-36,0],[-15,30],[0,23],[-24,0],[0,142],[100,0],[0,32],[115,0],[-1,79],[23,151],[-15,246],[5,25],[59,85],[18,11],[13,42],[-64,58],[-116,76],[-14,21],[-27,3],[11,-15],[-38,-20],[-20,60],[0,63],[22,59],[-28,27],[15,89],[90,150],[75,67],[-66,11],[-63,71],[-67,194],[2,50],[-17,35],[25,69],[22,8],[-34,43],[-14,75],[36,115],[44,42],[-21,7],[-74,63],[-21,42],[-48,53],[-34,73],[5,61],[18,10],[-28,14],[-26,49],[13,17],[0,53],[62,56],[-43,60],[-37,87],[-27,15],[-49,-4],[-17,-13],[-30,4],[31,-26],[5,-13],[-10,-21],[-115,-37],[-47,13],[-60,43],[-13,31],[2,19],[7,22],[21,16],[-23,-4],[-10,13],[-1,25],[31,56],[61,50],[-11,27],[-140,67],[-16,-5],[-15,-22],[-22,-7],[-27,14],[7,-19],[-30,-21],[-8,4],[-4,-18],[-20,-9],[-14,8],[-37,55],[12,17],[-18,-17],[-12,8],[-67,139],[-12,99],[6,98],[-97,96],[-1,-8],[-91,109],[-11,27],[-5,64],[-22,51],[-9,50],[-7,8],[3,-41],[-22,56],[-29,118],[-65,72],[3,43],[30,37],[118,91],[62,85]],[[8348,22327],[-9,-24],[4,-11],[-43,2],[-6,39],[26,7],[-21,18],[6,14],[17,5],[16,-10],[14,-27],[-4,-13]],[[8423,22675],[10,3],[26,-24],[-1,-40],[27,-37],[5,-88],[12,-33],[-9,-18],[0,-30],[24,-21],[-16,-29],[33,-46],[-4,-16],[-41,13],[-13,1],[-9,-13],[-36,9],[-19,33],[7,11],[-21,70],[-28,22],[-28,1],[-14,-12],[-10,25],[6,33],[-26,25],[28,20],[2,54],[-23,25],[-18,2],[-11,18],[46,7],[11,34],[-8,16],[-38,14],[-10,21],[3,16],[21,12],[36,-2],[20,-19],[15,-49],[-7,-15],[19,-14],[18,-4],[5,15],[16,10]],[[8101,27983],[-24,-14]],[[8077,27969],[-29,-17]],[[8048,27952],[-4,-2],[-1,-3]],[[8043,27947],[-8,-22]],[[8035,27925],[-7,-17]],[[7504,27869],[58,167],[54,63],[33,18],[-22,31],[-7,-4],[-28,15],[27,80],[-3,33],[16,77],[15,4],[17,-9],[17,16],[-35,22],[-12,18],[0,62],[-28,104],[-40,102],[-25,7],[-8,11],[77,101],[-50,184],[-21,29],[-13,-2],[-10,20],[15,110],[-36,45],[-54,36],[-84,118],[-29,-4],[-29,54],[23,9],[0,15],[-22,86],[38,80],[35,103],[24,159],[-5,124],[-21,131],[-8,140],[-14,73],[-80,149],[-68,57],[-53,19],[0,19],[16,16],[129,-24]],[[8197,29307],[66,-609],[86,-730]],[[7414,28645],[1,24],[21,20],[6,27],[9,-3],[1,-38],[-24,-33],[-14,3]],[[7419,28708],[-4,37],[13,23],[-6,11],[11,35],[4,-87],[-11,-22],[-7,3]],[[6832,28599],[-5,-32],[-12,17],[-17,-10],[-8,19],[10,10],[11,-11],[20,14],[1,-7]],[[6317,28979],[2,3],[2,0],[0,-4],[-4,1]],[[6315,28991],[2,-7],[-5,-6],[-5,9],[8,4]],[[7095,29111],[0,-23],[18,-28],[-15,-54],[-60,-27],[-14,-66],[-18,-5],[-11,64],[17,25],[14,51],[50,68],[19,-5]],[[6327,29947],[-4,-26],[27,-7],[26,15],[17,-31],[29,4],[-5,-32],[21,-16],[22,-3],[30,6],[37,31],[25,-13],[14,6],[6,-9],[30,7],[109,113],[5,-8],[17,4],[16,-23],[21,-8],[21,9],[26,-8],[15,-19],[2,-50],[77,11],[16,-22],[30,2],[10,-10],[35,4],[-15,-85],[7,-58],[100,-86],[28,-13],[50,-5],[30,-20],[1,-17],[-2,10],[-12,-34],[-9,4],[8,-11],[-23,-17],[-3,6],[-24,-30],[-29,-2],[-6,-14],[-18,-5],[-36,-37],[-21,-106],[8,-91],[-31,-97],[-9,-2],[38,-14],[-52,-111],[-99,-159],[-10,3],[1,-39],[37,-30],[2,-30],[-46,-63],[-3,-38],[8,-14],[-14,-19],[-34,2],[-13,53],[-18,17],[-9,25],[-32,24],[-36,17],[-15,-10],[-23,2],[-10,-29],[-16,-7],[-26,47],[-58,27],[-33,-4],[-10,-32],[-33,12],[-68,-23],[-39,21],[-41,-9],[-21,-35],[2,-49],[-22,22],[-5,42],[-14,9],[-6,23],[37,78],[2,26],[-11,27],[39,29],[26,-10],[11,20],[-18,137],[-14,42],[0,45],[-15,43],[-8,129],[1,34],[8,-8],[3,24],[-2,46],[20,40],[19,125],[-37,14],[1,37],[-32,4],[-34,18],[21,45],[-16,16],[5,20],[19,13],[10,27],[-18,40],[3,32],[-24,9],[-13,23],[5,25],[14,7],[39,11],[8,-16]],[[14561,16634],[-5,-29],[138,2],[1,-29],[26,1],[3,-40],[35,-9],[8,6],[25,-20],[15,15],[-13,-5],[4,21],[14,1],[1,18],[29,35],[1,11],[5,-4],[29,30],[11,-10],[40,3],[2,8],[22,-31],[-24,-33],[-6,-42],[18,-8],[23,-30],[9,-38],[17,-2],[3,-13],[15,1],[16,-24],[12,-49],[-5,-18],[-13,-2],[7,-3],[-8,-25],[-37,-27],[-88,15],[4,-9],[-9,-22],[16,-4],[-1,-45],[25,0],[1,-13],[63,-9],[-14,-15],[10,-5],[-17,-25],[-3,-23],[-33,6],[4,-15],[-14,-22],[8,-6],[-26,-39],[31,-75],[-9,-32],[-10,-8],[3,-25],[18,-21],[14,-1],[4,10],[16,-3],[-3,-5],[28,-16],[10,-16],[-18,-20],[10,-25],[-7,-29],[-33,-36],[5,-23],[-6,-5],[19,-32],[0,-128],[-97,-2]],[[14880,15572],[1,-104]],[[14881,15468],[0,-5],[-9,13]],[[14872,15476],[-36,-23],[-1,18],[10,0],[0,13],[-16,12],[-8,40],[-20,-3],[5,18],[-8,-3],[-3,26],[-10,2],[-11,-1],[-17,-38],[-7,0],[0,11],[-27,-1],[-15,-5],[-2,-17],[-33,-2],[-11,-10],[-26,12],[-42,-24],[-40,5],[-12,-6],[0,27],[-95,1],[11,27],[34,-8],[0,56],[-35,-10],[-6,11],[-21,-12],[-1,12],[9,6],[-6,16],[-11,-5],[27,30],[-2,15],[-29,12],[73,50],[-7,26],[23,9],[-7,26],[-19,12],[4,103],[-8,9],[7,16],[-41,-25],[-18,46],[-32,9],[23,34],[-1,13],[-67,29],[-33,-9],[-1,37],[-58,49],[-25,44],[22,148]],[[14252,16304],[2,105],[3,10]],[[14257,16419],[33,17],[23,53]],[[14313,16489],[28,30],[0,21]],[[14341,16540],[14,-6]],[[14355,16534],[11,21],[1,5]],[[14367,16560],[3,11]],[[14370,16571],[1,3],[-15,33]],[[14356,16607],[22,19],[31,6],[4,14],[19,-5],[19,6],[1,9],[17,0],[5,26],[16,3],[0,11]],[[14490,16696],[21,5]],[[14511,16701],[1,0],[2,-2]],[[14514,16699],[14,-14],[33,-51]],[[19830,13006],[12,-23]],[[19842,12983],[1,-2],[-7,-26]],[[19836,12955],[24,-42],[24,0]],[[19884,12913],[23,-21],[0,-1]],[[19907,12891],[4,-35]],[[19911,12856],[-13,-12],[8,-16],[-22,-14],[-15,-60],[-13,27],[-27,-10],[-3,-27],[-38,-20],[0,-20],[-15,-17],[-4,-21],[-31,-24],[2,-24],[16,-6],[15,-41],[-4,-11],[-18,-6],[10,-17],[-17,-31],[7,-45],[9,-11],[6,-32]],[[19764,12418],[39,-56]],[[19803,12362],[1,-1],[-2,-1]],[[19802,12360],[-9,-12]],[[19793,12348],[-19,-24]],[[19774,12324],[-7,-9]],[[19767,12315],[-4,-5],[-30,-15]],[[19733,12295],[3,-14],[-14,-32],[11,-57],[18,-9],[2,-14],[18,-13],[8,-38],[-5,-14]],[[19774,12104],[11,-25]],[[19785,12079],[0,-1],[-5,-25]],[[19780,12053],[-64,-26],[-1,-28],[-14,-1],[-33,-29],[-6,-59],[-10,-26],[7,-25],[-20,-48],[7,-42],[10,-5],[5,-21],[-6,-42]],[[19655,11701],[-38,39],[-156,25],[-275,106],[-424,117],[0,11],[-12,4],[2,44]],[[18752,12047],[-82,43]],[[18670,12090],[-14,8],[-275,92],[-2,-1]],[[18379,12189],[-240,-53]],[[18139,12136],[-249,-131],[-249,49],[-126,91],[-27,0],[-8,15],[-37,14],[-29,36],[-79,39],[-190,-245],[-114,30],[-185,-92],[-15,32],[-20,15],[-22,-5],[-41,24],[-29,-7],[-13,-19],[-1,-32],[-10,-22],[3,-9],[22,0],[2,-8],[-26,-42],[-45,-1],[-17,-38],[11,-27],[-7,-17],[-47,4],[-29,25],[-7,22],[13,32],[-30,33],[-17,-66],[-84,-113],[-93,-55],[-67,-26],[-33,-35],[-15,10]],[[16229,11617],[-20,43],[-76,25],[-70,36],[-29,60],[-20,19],[-38,10],[-52,-3],[-9,-14],[-29,12],[-30,-6],[-19,-12],[0,-11],[-41,-19],[-88,24],[-24,-8],[-48,2],[-40,-22],[-14,4]],[[15582,11757],[-4,1],[0,2]],[[15578,11760],[5,80],[-18,94],[1,41],[-19,57],[-8,7],[-9,-5],[-6,12],[3,40],[26,11],[-11,19],[-21,-1],[-3,42],[-36,55],[-18,62],[-39,32],[-27,50],[-58,45],[-85,-20],[-15,10],[6,-40],[-22,0],[-1,44],[-5,-10],[-8,3],[-6,41],[8,32],[13,8],[-47,64],[12,16],[32,-15],[33,-1],[-24,49],[32,47],[-26,77],[-24,20],[2,19],[-23,-27],[-14,2],[-14,60],[-46,43],[-105,50],[-69,2],[-103,-43],[-82,6],[1,3]],[[14760,12841],[3,29]],[[14763,12870],[-40,26]],[[14723,12896],[-7,21],[3,4]],[[14719,12921],[30,38]],[[14749,12959],[67,41],[18,-2],[18,-21],[12,2],[5,49],[-30,62],[5,21],[26,39],[91,49],[-12,67],[-25,21],[0,25],[36,46],[33,10],[-6,20],[19,67],[27,10],[15,27]],[[15048,13492],[-62,988]],[[14986,14480],[731,-19],[228,579],[7,51],[29,39],[1,51],[13,60],[44,0],[17,41],[-16,42],[4,23],[33,4],[57,53],[28,-10],[16,14],[20,-6],[12,24],[-17,97],[-13,24],[13,45],[-38,22],[14,96],[-24,19],[-20,94],[-32,53],[-1,40],[42,20],[29,50],[0,59],[18,41],[-45,41],[-1,43],[-55,80],[-19,82]],[[16061,16332],[-19,25]],[[16042,16357],[-3,4],[38,50]],[[16077,16411],[1,2],[-10,66]],[[16068,16479],[19,15]],[[16087,16494],[-17,90],[-2,5]],[[16068,16589],[-40,76]],[[16028,16665],[-47,46],[13,38],[-6,12],[-22,8],[-23,32]],[[15943,16801],[-29,-3]],[[15914,16798],[2,2]],[[15916,16800],[29,32],[25,6],[31,31]],[[16001,16869],[19,68]],[[16020,16937],[3,11],[8,3]],[[16031,16951],[9,3]],[[16040,16954],[2,1],[44,-27],[5,-7]],[[16091,16921],[40,-64]],[[16131,16857],[50,16],[39,-13],[6,-67],[23,-51],[-2,-26],[-16,-22],[60,-49],[41,4],[43,-42],[49,-23],[20,1],[33,19],[23,-4],[27,9],[23,-20],[39,2],[29,-14],[36,-83],[5,-58],[18,-28],[-20,-42],[4,-30],[20,-31],[-5,-47],[10,-21],[15,-8],[55,26],[29,-31],[4,53],[14,32],[16,12],[20,-3],[69,60],[56,2],[35,-24],[12,10],[1,47],[36,7],[31,-33],[79,25],[49,-51],[5,-25],[21,-7],[20,-32],[741,-247],[535,-113],[428,-588],[1108,-797],[44,49],[7,23],[24,-11],[5,-21],[22,-21],[-1,-17],[20,-13],[-3,-28],[12,10],[4,-17],[11,-3],[3,-103],[9,-9],[-4,-27],[13,-8],[-11,-25],[3,-19],[-12,-12],[27,-46],[-13,-18]],[[20225,14236],[26,2]],[[20251,14238],[-415,-1211],[-6,-21]],[[19655,11701],[-161,-68],[-51,-6],[-80,-29],[-31,-46],[18,-24],[-18,-28],[-1,-21],[-23,-4],[-6,-18],[-20,-10],[-8,-33],[-16,-9],[-12,5],[-39,-41],[0,-30],[-10,-7],[5,-15],[-9,-12],[27,-33],[14,-42],[-14,-12],[1,-14],[-17,-3],[-1,-29],[-17,-14],[3,-34],[13,-15],[-13,-9],[-6,-48],[-22,-15],[-59,-221],[10,-53],[-20,-4],[-2,-14],[20,-40],[18,-6],[-7,-75],[-16,-28],[-50,-26],[-17,-33],[-21,-1],[-9,-17],[-19,-1]],[[18989,10518],[-23,-36]],[[18966,10482],[-1,-2],[2,-1]],[[18967,10479],[21,-13]],[[18988,10466],[15,-10]],[[19003,10456],[2,-1],[1,-3]],[[19006,10452],[16,-37]],[[19022,10415],[3,-6],[-2,-4]],[[19023,10405],[-15,-22]],[[19008,10383],[39,-16],[2,-16],[24,-1],[24,21],[20,-54],[29,13],[16,-9],[16,-38],[32,-3],[23,13],[13,-31],[37,19],[11,-7],[16,15],[10,-50],[17,-9],[-11,-33],[22,-36],[-4,-25],[21,-14],[-12,-9],[7,-15],[-29,-27],[1,-42],[-16,-7],[-2,-29],[-14,17],[-6,-3],[-2,-9],[-19,-1],[-28,-35],[-15,7],[4,41],[-46,-2],[-4,36],[-27,-9],[9,-39],[-40,1],[-10,9],[-6,-7],[-9,8],[-3,-28],[-29,1],[-5,-13],[7,-16],[20,14],[15,-4],[11,-39],[-2,-11],[-21,10],[-11,-42]],[[19083,9879],[-31,31],[-29,13],[-268,77],[-123,68],[-74,16],[-81,-7],[-46,10],[-97,51],[-48,49],[-52,29],[-41,13],[-54,-7],[-15,12],[-7,26],[-54,36],[-82,9],[-57,35],[10,4],[-178,52],[-6,-9],[-29,22],[7,14],[-7,-14],[-40,27],[-18,30],[-5,30],[-62,8],[-62,47],[-76,38],[-113,15],[-45,-7],[-17,-13],[-1,-14],[-26,-5],[-15,8],[-22,28],[-72,145],[-98,125],[-64,38],[-30,4],[-13,-15],[-10,2],[-66,105],[-62,49],[-40,140],[-70,112],[-40,29],[-33,3],[-34,20],[-79,66],[-72,35],[-62,13],[-18,-16],[-105,32],[-9,-5],[-22,33],[-20,59],[-1,12],[30,30]],[[18139,12136],[237,54],[3,-1]],[[18379,12189],[291,-99]],[[18670,12090],[0,0],[82,-43]],[[18214,9576],[5,8],[9,-2],[-3,-6],[-11,0]],[[18229,9584],[3,2],[1,1],[-2,-5],[-2,2]],[[18231,9722],[-21,2],[5,15],[15,-6],[1,-11]],[[18208,9776],[2,13],[8,0],[-2,-15],[-8,2]],[[18064,9759],[-6,0],[13,5],[-4,-5],[-3,0]],[[18145,9955],[-3,2],[5,1],[0,-2],[-2,-1]],[[18118,10005],[-6,5],[1,6],[11,-7],[-6,-4]],[[18142,10192],[-2,-1],[-8,0],[5,4],[5,-3]],[[18194,9977],[35,1],[-6,-24],[-22,-17],[-12,-17],[2,-14],[-10,-3],[-7,7],[3,29],[-29,19],[0,10],[10,0],[16,21],[20,-12]],[[18256,9983],[4,3],[3,-1],[-4,-4],[-3,2]],[[15601,11743],[1,-26],[-18,-12],[13,-28],[-21,2],[-11,-10],[-37,66],[14,0],[10,18],[16,-2],[7,11],[3,-2]],[[15578,11760],[4,-3]],[[15582,11757],[19,-14]],[[6390,34583],[-106,84],[-67,120],[-56,151],[-102,335],[-86,196],[-21,91],[70,53],[9,51],[20,43],[53,29],[-13,44],[7,66],[26,9],[8,30],[32,9],[-18,32],[25,17],[8,31],[-18,51],[5,59],[-15,50],[9,28],[2,67],[-24,102],[10,36],[26,25],[-9,56],[-13,13],[1,19],[11,11],[26,-16],[28,11],[46,-55],[32,24],[7,23],[-27,89],[14,57],[-12,19],[-27,0],[-17,14],[-21,100],[11,97],[-5,47],[49,30],[17,33],[-9,43],[5,90],[-34,39],[-8,37],[35,20],[55,120],[57,26],[27,27],[39,-29],[23,-8],[33,-105],[50,-43],[26,-1],[52,28],[43,-14],[15,21],[-12,44],[38,21],[9,-5],[23,-60],[28,12],[35,32],[77,17],[16,-7],[14,-31],[-15,-19],[-9,-58],[19,-52],[14,-18],[31,6],[9,-51],[16,-22],[56,-5],[10,-11],[39,7],[8,-16],[-18,-42],[-20,-13],[13,-29],[-3,-32],[-25,-35],[25,-32],[1,-37],[9,-10],[4,-27],[-33,-38],[-70,-19],[-10,-19],[29,-27],[42,-17],[9,-34],[46,-60],[38,-5],[35,-22],[30,-53],[37,-3],[14,-70],[23,-22],[15,-53],[27,-24],[26,-69]],[[21604,21811],[99,38],[24,33],[16,0],[7,11],[29,-5],[41,23],[19,-22],[50,63],[19,-11],[37,0],[20,-44],[26,-8],[22,3],[16,-9],[20,12],[30,2],[63,-25],[24,3],[9,-11],[31,9],[11,14],[20,-15],[36,-3],[18,-19],[21,3],[17,-36],[-7,-23],[6,-37],[12,-15],[55,7],[73,-45],[20,23],[29,-30],[65,-23],[1,-14],[12,3],[13,-23],[-8,-36],[27,-7],[23,-32],[14,-82],[31,24],[21,-28],[32,-18],[32,-1],[29,-35],[2,-24],[20,-25],[35,-17],[44,2],[16,-10],[21,14],[28,-18],[25,70],[26,1],[25,-16],[-7,-58],[29,-78],[16,-14],[34,-7],[35,34],[13,25],[30,-6],[23,-22],[15,16],[32,-12],[-10,-55],[11,-38],[22,-32],[-4,-15],[8,-20],[17,4],[14,-21],[16,-2],[63,-48],[13,-13],[23,-57],[2,-25],[-27,-17],[-1,-26],[-14,-13],[-8,-26],[16,1],[18,-35],[1,-22],[38,-1],[122,-235],[4,-47]],[[23595,20537],[53,-63],[1,2]],[[23649,20476],[16,15]],[[23665,20491],[-1,21],[4,6]],[[23668,20518],[21,27]],[[23689,20545],[-9,38],[-68,121],[18,17],[107,43],[-1,37],[34,58],[10,41],[-2,96],[-13,26],[-2,28],[6,31],[-27,28],[-12,30],[-13,105],[23,136],[-15,90],[-48,86],[-24,-6],[-33,12],[-16,60],[-21,40],[8,39],[17,2],[10,34],[-7,50],[12,41],[-3,43],[11,17],[81,38],[3,102],[21,10],[-3,39],[-15,35],[18,31],[-26,12],[-15,43],[-2,66],[-15,27],[9,24],[-4,19],[11,10],[31,-37],[39,6],[63,-75],[307,2],[222,49]],[[24356,22289],[17,-13]],[[24373,22276],[1,0],[9,-25]],[[24383,22251],[-27,-41],[-29,25],[-33,0],[-46,-8],[-33,-27],[-27,-97],[-11,-152],[-12,10],[-33,-42],[-20,13],[-16,-4],[-34,-35],[-13,-53],[19,-186],[46,-145],[-3,-28],[15,-63],[73,-186],[113,-207],[53,-60],[-3,-9],[-28,-8],[-2,-23],[-22,-8],[-13,24],[-81,41],[-32,6],[-38,-14],[-47,-42],[-94,-153],[-38,-83],[-14,-92],[2,-162],[46,-211],[-2,-67],[15,-53],[-21,-12],[-12,-19],[9,-66],[-8,-17],[-39,39],[-57,10],[-72,-23],[-3,-34],[-70,-186],[-17,-78],[-2,-66],[21,-94],[67,-191],[87,-181],[65,-97],[10,-31],[-19,-10],[1,-13],[36,11],[17,-36],[71,-95],[47,-106],[21,-8],[72,-115],[90,-102],[90,-120],[111,-75],[36,-77],[1,-99],[-22,-225],[-28,-31],[-134,-66],[-72,-292],[-18,-111],[-8,-11],[-4,11],[-3,-17],[-2,-101],[18,-211],[54,-322],[25,-96],[31,-291],[-20,-169],[2,-95],[28,-182],[0,-18],[-23,-4],[-4,-10],[-5,-143],[-17,-64],[-6,-96],[-27,-120],[0,-20],[16,22],[-21,-97],[-2,-166],[-13,-44],[8,-112],[-12,-123],[11,7],[-15,-85],[15,-95],[39,-154],[80,-238],[150,-255],[95,-105],[134,-192],[41,-36],[100,-127],[49,-34],[8,-19],[57,-65],[262,-258],[95,-125],[11,-29],[-80,-39]],[[25339,13167],[-20,5],[-25,27],[-36,20]],[[25258,13219],[-44,1],[-5,-5]],[[25209,13215],[-26,-21]],[[25183,13194],[-12,-38],[32,-99]],[[25203,13057],[11,-11],[8,-1]],[[25222,13045],[8,-2]],[[25230,13043],[11,-1],[5,4]],[[25246,13046],[9,7]],[[25255,13053],[5,4],[1,12]],[[25261,13069],[-22,42],[0,20],[23,21],[39,9],[14,-41],[-15,-67],[43,-16]],[[25343,13037],[12,-15],[-1,-6]],[[25354,13016],[-1,-6]],[[25353,13010],[-1,-4],[-26,-13]],[[25326,12993],[-11,-6],[-1,-3]],[[25314,12984],[-4,-6]],[[25310,12978],[-3,-7],[3,-10]],[[25310,12961],[1,-7]],[[25311,12954],[2,-7],[53,-42]],[[25366,12905],[6,-5],[6,-24]],[[25378,12876],[-66,-26],[-14,-32],[11,-17],[48,-5],[13,-22]],[[25370,12774],[-13,-15]],[[25357,12759],[-4,-5],[-8,2]],[[25345,12756],[-48,15]],[[25297,12771],[-26,-6]],[[25271,12765],[-30,-36]],[[25241,12729],[-6,-8],[-2,-9]],[[25233,12712],[-5,-26]],[[25228,12686],[-2,-10],[3,-17]],[[25229,12659],[20,-12]],[[25249,12647],[14,11],[10,21]],[[25273,12679],[7,15],[14,13]],[[25294,12707],[14,-1],[12,-13]],[[25320,12693],[1,-51],[11,-33],[-8,-25],[-12,-3]],[[25312,12581],[-21,51]],[[25291,12632],[-18,-9]],[[25273,12623],[-5,-2],[-23,-23]],[[25245,12598],[-37,-39]],[[25208,12559],[-8,-9],[-2,-8]],[[25198,12542],[17,-14]],[[25215,12528],[-28,-57]],[[25187,12471],[-3,-5],[4,-12]],[[25188,12454],[7,-29]],[[25195,12425],[15,-7],[46,32],[25,5],[32,-12],[46,21],[12,-6],[-4,-18],[-23,-21],[-13,-51],[51,-41],[22,-31],[1,-86],[47,-22],[-51,-116],[-27,-29],[-53,0]],[[25321,12043],[-28,43]],[[25293,12086],[-1,3],[-1,-2]],[[25291,12087],[-2,-2]],[[25289,12085],[-5,-12],[4,-37]],[[25288,12036],[2,-19],[-2,-2]],[[25288,12015],[-2,-2]],[[25286,12013],[-2,-1],[-754,409]],[[24530,12421],[-63,82],[-43,37],[-77,32],[-113,0],[-350,228],[-367,-74],[-779,-343],[-394,197],[-585,241],[-265,309],[-719,936]],[[20775,14066],[-527,175],[-23,-5]],[[16131,16857],[-34,60],[-6,4]],[[16091,16921],[-51,33]],[[16040,16954],[-4,3],[-5,-6]],[[16031,16951],[-11,-14]],[[16020,16937],[-3,-3],[-16,-65]],[[15914,16798],[-8,2]],[[15906,16800],[-18,5],[-18,-6]],[[15870,16799],[-6,-1],[0,1]],[[15864,16799],[-14,26]],[[15850,16825],[-49,16]],[[15801,16841],[-4,1],[-23,-1]],[[15774,16841],[-19,-24],[-28,-5],[-46,31],[-9,22]],[[15672,16865],[-88,5],[-5,5]],[[15579,16875],[-22,20]],[[15557,16895],[-1,19],[-29,41],[-11,8],[-41,2],[-79,47],[-101,123],[4,28],[-32,20],[-23,46],[-53,18],[-35,24],[-6,20],[9,42],[-21,50],[-43,21],[-69,58],[37,68],[-9,79],[44,17],[43,39],[13,36]],[[15154,17701],[41,37]],[[15195,17738],[0,0],[1,1]],[[15196,17739],[11,25]],[[15207,17764],[1,0],[-37,36]],[[15171,17800],[-13,77],[-23,53],[-20,95],[-44,55],[-10,66],[-18,27],[3,80],[18,34],[26,25],[62,149],[36,29],[18,-4],[79,33],[22,125],[-8,25],[5,51],[17,45],[17,19],[4,49],[-25,14],[-11,25],[-46,34],[-22,56],[-54,30]],[[15184,18992],[-9,23]],[[15175,19015],[-4,10],[2,19]],[[15173,19044],[4,26],[-6,26]],[[15171,19096],[-2,9]],[[15169,19105],[-1,6],[-10,8]],[[15158,19119],[-15,13],[-33,49]],[[15110,19181],[-29,20],[16,39],[-19,32],[-2,28],[-64,19],[-40,54],[-43,23]],[[14929,19396],[-19,46],[1,13]],[[14911,19455],[2,12],[-5,1]],[[14908,19468],[-66,5]],[[14842,19473],[-25,-21],[-27,4],[-33,20],[-12,-14],[-30,10],[-65,-12],[-21,11],[-45,59],[-36,3],[-95,31],[-13,52],[-44,49],[-11,35],[-26,25],[-56,86]],[[14303,19811],[-9,23],[1,1]],[[14295,19835],[7,23],[-1,1]],[[14301,19859],[-14,6]],[[14028,21648],[3,35]],[[14031,21683],[1,4],[-8,20]],[[14024,21707],[-11,27]],[[14013,21734],[-6,14],[-2,0]],[[14005,21748],[-13,-2]],[[13992,21746],[-10,-1]],[[13982,21745],[-3,0],[-15,18]],[[12674,23727],[-12,13],[0,4]],[[12662,23744],[0,78]],[[12936,24167],[24,13],[-1,3]],[[12959,24183],[-1,8]],[[12958,24191],[-9,56],[-16,41]],[[12793,24583],[-31,106]],[[12762,24689],[-1,3],[34,10]],[[12795,24702],[2,1],[30,39]],[[12857,24780],[31,11],[1,5]],[[12889,24796],[2,5]],[[12891,24801],[8,19]],[[13228,24713],[55,-36]],[[13283,24677],[8,-6]],[[13291,24671],[4,-2],[16,-61]],[[13311,24608],[0,-1],[25,-15]],[[13406,24604],[35,-20]],[[13441,24584],[1,-1],[5,3]],[[13447,24586],[28,11]],[[15377,25634],[-8,-145],[4,-19]],[[15521,25360],[-8,-46]],[[15513,25314],[0,-4],[11,-55]],[[15524,25255],[10,-12],[8,0]],[[15542,25243],[22,-2]],[[19895,25714],[58,-20],[16,0]],[[19969,25694],[13,1],[12,-7]],[[19994,25688],[51,-29]],[[20045,25659],[-5,-51],[34,-58],[39,-36],[46,-93],[46,-12],[43,15],[53,-62],[28,-60]],[[20329,25302],[34,-4],[5,-5]],[[20368,25293],[19,-18]],[[20387,25275],[38,-34]],[[20425,25241],[5,-5],[5,2]],[[20435,25238],[63,25]],[[20498,25263],[11,-24],[88,-56],[28,-11],[24,23],[30,-38],[73,35],[90,4],[93,30],[39,-11],[59,-2],[4,-52],[41,-19],[41,-59],[28,-10],[-1,-24],[38,-43],[14,-47],[-28,-54],[63,-62],[30,-53],[-23,-21],[-95,-6],[-12,-17],[2,-29],[59,-45],[15,-42],[-25,-32],[4,-30],[-20,-57],[-28,-7],[-43,14],[-51,-26],[-18,3],[-9,-14],[11,-22],[-15,-120],[18,-15],[39,-69],[-10,-91],[8,-33],[6,-8],[16,3],[3,-23],[28,8],[44,-43],[32,-7],[27,-19],[-6,-78],[29,-34],[61,35],[50,-20],[72,20],[12,-37],[21,24],[61,3],[27,-25],[15,-28],[28,-20],[9,-29],[40,5],[27,22],[6,8],[-17,70],[17,24],[31,-8],[27,19],[10,18],[-1,20],[21,3],[38,-31],[-4,-29],[27,-10],[1,-17],[26,-18],[3,-53],[36,-24],[22,1],[68,-100],[-9,-83],[17,-52],[32,-18],[40,5],[8,-18],[-12,-59],[-30,-19],[-22,-35],[-31,-5],[-23,-54],[11,-20],[-4,-42],[13,-73],[-15,-59],[19,-21],[34,-17],[2,-20],[-48,-28],[-36,14],[-23,-4],[-29,20],[-34,-1],[-19,13],[-73,-40],[-59,-67],[-9,-101],[-19,-71],[-38,-34],[-33,20],[-18,-1],[-41,-54],[9,-43],[-14,-31],[-3,-66],[31,-60],[-32,-54],[-39,-15],[-1,-52],[-11,-24],[-37,-33],[2,-41],[37,-79],[8,-69],[-15,-31],[12,-120],[-10,-20],[-93,-43],[-58,-59],[2,-25],[25,-18],[56,-103],[26,-10],[36,-52]],[[21465,21781],[67,-17],[72,47]],[[27341,13463],[23,-32],[27,7],[32,-14],[2,-115],[-23,-19],[-44,50],[-8,23],[-9,-15],[13,-13],[4,-37],[-36,14],[5,39],[-19,58],[-4,46],[9,10],[11,-16],[8,15],[9,-1]],[[27258,13442],[13,6],[-7,-22],[13,-29],[-3,-13],[-13,7],[-10,-27],[-16,-15],[-15,10],[0,-12],[-9,5],[-20,29],[3,25],[-9,-2],[5,49],[7,-4],[23,16],[38,-23]],[[27627,13951],[8,7],[5,-4],[-5,-10],[-8,7]],[[28422,14618],[12,-16],[25,-6],[-6,-40],[11,-26],[46,-32],[-28,-7],[0,-30],[29,-15],[-22,-20],[39,-66],[-3,-58],[31,-53],[-20,-15],[34,-20],[4,-10],[-13,-13],[1,-11],[20,-8],[13,-36],[26,-26],[-13,-16],[1,-19],[43,-31],[-6,-13],[-42,6],[-17,-43],[13,-62],[12,-8],[11,9],[24,-18],[36,-11],[-3,-11],[19,-43],[-3,-21],[-12,-12],[5,-33],[-29,-43],[-4,-24],[30,-43],[-12,-2],[6,-20],[-16,-26],[-4,-40],[-22,-18],[-42,-12],[-26,14],[-87,12],[-94,-37],[-52,8],[-41,22],[-108,120],[-51,26],[-11,27],[14,69],[-12,62],[-15,28],[0,30],[17,38],[38,44],[8,34],[97,58],[4,13],[56,28],[23,23],[15,38],[-9,29],[-11,4],[-6,75],[-59,56],[17,18],[-13,16],[28,10],[-39,21],[-8,18],[19,28],[27,3],[7,38],[-10,33],[13,38],[30,1],[42,23],[23,-6]],[[28081,14738],[15,-27],[-19,-7],[3,-8],[-9,-5],[-29,-5],[-13,-14],[-27,27],[2,7],[44,1],[-27,47],[16,2],[5,-19],[16,-11],[23,12]],[[24383,22251],[-10,25]],[[24373,22276],[-2,7],[-15,6]],[[23689,20545],[-20,-22],[-1,-5]],[[23668,20518],[-3,-27]],[[23665,20491],[-16,-16],[0,1]],[[23649,20476],[-54,61]],[[21604,21811],[-77,-50],[-62,20]],[[20498,25263],[-58,-27],[-5,2]],[[20435,25238],[-10,3]],[[20425,25241],[-8,2],[-30,32]],[[20387,25275],[-15,17],[-4,1]],[[20368,25293],[-39,9]],[[20045,25659],[-31,24]],[[19127,27909],[-47,6],[-13,19]],[[18668,28197],[12,43],[19,24]],[[18699,28264],[4,5],[20,104]],[[18691,28446],[-9,49],[0,0]],[[18682,28495],[13,46]],[[18695,28541],[-12,110],[0,0]],[[18683,28651],[10,33]],[[18693,28684],[11,34]],[[18704,28718],[0,0],[-17,56]],[[18687,28774],[6,36],[-12,30]],[[18681,28840],[13,30],[5,84]],[[19347,32148],[39,-38],[82,-13],[102,-101],[76,-32],[69,-68],[28,-12],[40,-57],[24,-12],[24,-38],[12,-9],[22,6],[116,-193],[183,-242],[136,-125],[25,-33],[228,-167],[38,-40],[37,-14],[122,-96],[124,-113],[82,-108],[146,-129],[86,-44],[213,-142],[100,-33],[146,6],[25,-6],[205,-125],[28,-83],[136,-139],[98,-120],[287,-270],[118,-146],[103,-199],[56,-63],[-9,-21],[31,-12],[23,-31],[112,-213],[7,-30],[30,-44],[36,-80],[15,-11],[-2,-17],[-20,0],[-17,-23],[65,-147],[49,-92],[123,-170],[106,-257],[391,-824],[93,-166],[184,-369],[106,-171],[105,-216],[72,-119],[63,-122],[6,-15],[-6,-14],[30,-75],[48,-80],[3,-18],[-23,8],[-28,-4],[-33,18],[-81,-1],[-92,-38],[-5,-20],[110,26],[71,-7],[15,8],[-20,-30],[-13,-50],[10,-61],[10,0],[-10,-5],[2,-13],[120,-301],[1,-21],[-13,-19],[15,21],[14,-58],[-20,-72],[17,-116],[-17,-7],[-33,24],[-34,-34],[2,-15],[39,16],[-13,-23],[0,-40],[16,-82],[41,-126],[95,-230],[17,-34],[6,-57],[21,-48],[16,-131],[-38,-54],[-61,8],[-30,-40],[-30,-20],[14,-6],[-22,-85],[-7,-115],[15,-74],[49,-143],[5,-103],[-5,-152],[98,-223],[100,-162],[-7,-104],[-15,-27],[-11,-66],[-24,-25],[-32,-15],[6,-74],[-16,-12],[-2,-29],[-16,-27],[3,-36],[-20,14],[-36,-22],[-11,-29],[-5,-77],[-32,-12],[-43,11],[-10,-20],[-31,-140],[10,-65],[13,-48],[19,-28],[5,-40]],[[23368,28395],[2,49],[28,36],[14,-63],[-4,-57],[-5,-4],[-30,26],[-5,13]],[[23367,28469],[-9,2],[8,20],[8,-5],[-7,-17]],[[22781,30825],[11,1],[2,-18],[-9,5],[-4,12]],[[22735,30936],[13,-7],[-1,-16],[-10,6],[-2,17]],[[22262,30669],[13,2],[-7,-16],[-20,-3],[14,17]],[[22266,30740],[-34,1],[-3,29],[-15,8],[8,9],[4,38],[19,15],[36,-5],[16,-43],[-2,-32],[-29,-20]],[[22277,31013],[1,12],[8,1],[0,-31],[-9,18]],[[22303,31063],[3,6],[5,-6],[-4,-11],[-4,11]],[[22299,31078],[4,-5],[-8,-1],[1,5],[3,1]],[[19749,32042],[3,13],[23,6],[13,-22],[-34,-14],[-11,8],[6,9]],[[22068,31503],[1,-22],[-9,-2],[1,13],[7,11]],[[21899,31463],[-2,-10],[-7,31],[12,25],[-3,21],[10,8],[27,-51],[-3,-10],[-18,-11],[-12,5],[-4,-8]],[[22118,31687],[-6,7],[8,5],[1,-7],[-3,-5]],[[22100,31691],[-3,-5],[-6,8],[7,4],[2,-7]],[[22221,31714],[14,0],[4,-25],[-8,-1],[-10,26]],[[22140,31727],[-9,-9],[-11,5],[3,7],[17,-3]],[[21956,31953],[18,-47],[26,-11],[0,-35],[-14,-9],[7,-4],[-16,-44],[3,-28],[26,-10],[10,7],[23,46],[24,-11],[9,8],[3,-13],[18,-8],[32,6],[15,-12],[-57,-71],[-5,-31],[14,-14],[-28,-15],[5,-22],[-16,8],[-43,-47],[-7,-20],[-18,-13],[-80,9],[-12,-17],[-21,45],[4,71],[-37,86],[20,25],[14,42],[-13,57],[16,60],[23,18],[24,-9],[17,-20],[16,23]],[[21387,31804],[-11,-20],[-55,19],[0,22],[-18,30],[5,9],[14,7],[11,-19],[54,-48]],[[20637,32464],[23,-48],[-18,-28],[-2,-23],[-22,13],[-19,-11],[-12,31],[-27,29],[-48,-27],[0,-38],[-17,-21],[-26,91],[1,41],[20,-2],[11,9],[-4,18],[19,24],[17,-8],[23,12],[10,43],[27,34],[-3,-29],[49,-33],[7,-16],[-9,-61]],[[20384,32652],[-5,-34],[25,-16],[-1,-18],[-20,-7],[2,-16],[51,-58],[-9,-54],[-20,-31],[-14,-1],[-45,15],[-6,24],[2,58],[8,22],[-10,50],[13,8],[-5,25],[11,27],[-4,26],[42,14],[6,-21],[-21,-4],[0,-9]],[[20087,32710],[-9,-4],[3,16],[3,-9],[3,-3]],[[20087,32807],[2,1],[1,-3],[-2,-2],[-1,4]],[[20054,32799],[-8,10],[7,14],[22,-8],[-9,-25],[-12,9]],[[20153,32832],[12,2],[3,-22],[-6,-1],[-9,21]],[[20124,32824],[3,7],[12,-6],[-3,-3],[-12,2]],[[20075,32832],[-1,-6],[-4,0],[-2,8],[7,-2]],[[14495,15017],[43,40],[2,1]],[[14540,15058],[29,7]],[[14569,15065],[55,-3]],[[14624,15062],[4,-1],[99,46],[5,7]],[[14732,15114],[6,9]],[[14738,15123],[5,8]],[[14743,15131],[2,2],[0,-3]],[[14745,15130],[-3,-22]],[[14742,15108],[-41,-43],[-1,-20],[19,-9],[0,-21],[30,1],[10,-12],[27,15],[0,-52],[86,-1],[9,-11],[2,-143],[-139,0],[-2,-97],[-38,1],[0,-22],[-17,0],[0,-18],[23,-6],[1,-24],[-23,-18],[0,-26],[-43,-5],[-28,-68],[-23,-1],[1,-9],[-13,-6],[-17,12],[-4,-29],[-19,43],[-30,-25],[-33,119],[18,30],[3,24],[31,11],[0,28],[14,4],[3,22],[-2,25],[-25,44],[7,46],[-22,33],[52,14],[2,11],[-14,29],[-43,28],[-8,35]],[[89221,28222],[-6,-4],[-11,-1],[14,20],[10,-15],[-7,0]],[[89252,28305],[-8,1],[-4,12],[8,-2],[4,-11]],[[89181,28477],[21,-20],[1,-29],[18,-13],[-60,-9],[-34,61],[-21,8],[10,30],[5,-21],[10,-6],[26,-8],[24,7]],[[89492,28520],[-7,3],[13,4],[-2,-7],[-4,0]],[[89942,28618],[-11,-2],[-10,-5],[11,19],[19,-3],[-9,-9]],[[90203,28782],[20,-15],[41,-4],[-13,-11],[-10,-45],[6,-29],[-52,24],[-58,7],[-3,16],[36,60],[33,-3]],[[89309,28624],[-3,9],[28,47],[25,28],[5,34],[25,44],[-2,70],[20,57],[60,95],[6,36],[18,32],[24,31],[26,66],[-9,3],[45,29],[18,37],[108,118],[12,33],[33,28],[29,-8],[55,37],[0,-22],[27,-31],[-8,-18],[-25,-2],[-22,-31],[-1,-32],[-14,-15],[-3,-21],[2,-79],[31,-96],[10,-91],[54,-84],[17,-61],[28,-36],[-37,-37],[-19,-38],[-36,-27],[-17,7],[-7,-8],[-12,15],[-8,-12],[-38,52],[13,23],[-25,12],[-6,-7],[10,-23],[-7,-17],[12,-21],[-4,-11],[15,-28],[-16,-7],[13,-43],[42,-19],[-1,-23],[-28,-69],[-29,44],[-32,8],[-20,22],[11,12],[-25,24],[4,11],[-21,69],[-10,14],[-21,3],[-11,22],[-16,-14],[-11,11],[-42,-16],[-26,5],[-7,-24],[-18,0],[-13,-31],[-40,-47],[-19,9],[-29,-20],[4,-17],[-34,-35],[-21,-10],[-38,13],[1,21]],[[14749,12959],[-31,-34],[1,-4]],[[14719,12921],[4,-25]],[[14763,12870],[1,-28],[-4,-1]],[[14760,12841],[-20,-7],[-74,16],[-26,28],[5,6],[-18,44],[-72,46],[-221,66],[-23,18],[-110,11],[-196,112],[-110,22],[-124,62],[-44,35],[-206,78],[-67,54],[-87,126],[-50,130],[-47,82],[-2,25],[-67,85],[-30,49],[7,7],[-30,10],[-44,38],[5,9],[-9,0],[-5,58],[-10,0],[-1,16],[37,24],[-13,14],[-10,-8],[-61,-2],[-34,22],[-41,-4],[-90,16],[-66,27],[-8,11],[11,3],[-59,5],[-36,37],[-93,28],[-51,28],[-5,-9],[-25,-1],[-91,39],[-45,171],[6,48],[19,23],[57,35],[85,116],[33,8],[32,-6],[70,-85],[23,-14],[26,12],[9,48],[-57,82],[-5,16],[8,13],[37,9],[25,-7],[40,-54],[45,-40],[52,-5],[24,22],[36,104],[8,74],[24,38],[-38,-53],[-11,-95],[-44,-75],[-41,1],[-22,19],[-34,44],[-3,44],[31,69],[36,140],[48,62],[67,45],[18,46],[0,36],[-13,27],[-32,31],[-56,1],[-60,-16],[-16,12],[-18,55],[-3,57],[-9,4],[1,42],[10,0],[-3,12],[10,-9],[-12,25],[6,104],[2,7],[29,-22],[1,14],[-27,30],[-12,101],[13,5],[-22,18],[15,11],[-20,5],[-22,44],[5,12],[-14,-5],[-26,8],[-26,30],[-61,85],[10,7],[-13,11],[-2,27],[-20,-12],[-33,6],[-23,44],[-23,100],[15,11],[-9,-2],[-9,13],[-11,43],[-14,448],[-22,73],[-5,89],[16,27],[-33,-5],[-18,11],[-55,126],[-119,171],[-90,49],[-26,24],[-50,82],[17,58],[-16,21],[-78,-16],[-5,7],[-47,3],[0,13],[-5,-5],[-95,34],[-28,25],[-25,52],[-21,109],[-29,30],[12,21],[-27,-4],[-25,17],[-88,169],[-84,133],[-55,46],[-44,79],[-68,86],[-3,27],[-40,36],[-20,31],[-18,67],[5,33],[-45,80],[-29,109],[-38,71],[-57,166],[-69,124],[-151,172],[1,10],[-29,3],[-66,63],[-96,73],[-19,28],[-15,-1],[-45,28],[-74,70],[-75,31],[-86,18],[-27,69],[-1,39],[-103,173],[-12,-1],[-16,20],[-17,28],[-1,18],[-16,-2],[-112,93],[-8,9],[7,11],[-27,-3],[-128,66],[-67,15],[-4,11],[-35,-7],[-24,-23],[-9,10],[-24,-7],[-20,25],[-15,99],[6,100],[39,183],[25,-3],[-16,20]],[[9829,20279],[-8,11],[45,-10]],[[9866,20280],[10,-2],[101,3],[6,2]],[[9983,20283],[81,29],[3,0]],[[10067,20312],[53,0]],[[10120,20312],[85,-1]],[[10205,20311],[5,0],[108,28]],[[10465,20403],[46,-2]],[[10511,20401],[2,-1],[3,-2]],[[10516,20398],[9,-7]],[[10525,20391],[2,-1],[6,-26]],[[10533,20364],[-32,-123]],[[10501,20241],[-4,-17],[2,-11]],[[10499,20213],[4,-20]],[[10503,20193],[1,-9],[9,-5]],[[10513,20179],[35,-19]],[[10548,20160],[87,-12]],[[10635,20148],[3,0],[5,-4]],[[10643,20144],[58,-42]],[[10701,20102],[12,-29],[1,-9]],[[10714,20064],[0,-13]],[[10714,20051],[0,-18],[-7,-15],[-80,-46],[-21,-38],[4,-55]],[[10610,19879],[0,-4],[7,-8]],[[10617,19867],[43,-50]],[[10660,19817],[3,-4],[42,-9],[0,1]],[[10705,19805],[1,0]],[[10706,19805],[37,17],[1,3]],[[10744,19825],[13,119],[5,8]],[[10762,19952],[5,9]],[[10767,19961],[7,11],[5,4]],[[10779,19976],[10,7]],[[10789,19983],[10,6],[2,0]],[[10801,19989],[58,-11],[7,3]],[[10866,19981],[49,28],[12,1]],[[10927,20010],[43,3]],[[10970,20013],[31,-50]],[[11001,19963],[5,-7],[-5,-12]],[[11001,19944],[-2,-4]],[[10999,19940],[-18,-41]],[[10981,19899],[-3,-6],[6,-3]],[[10984,19890],[3,-2]],[[10987,19888],[5,-3],[16,6]],[[11008,19891],[13,6],[40,3]],[[11061,19900],[15,1],[40,38]],[[11165,19947],[2,-21],[-3,-5]],[[11164,19921],[-2,-2]],[[11162,19919],[-26,-40]],[[11136,19879],[-1,-2],[0,-2]],[[11135,19875],[16,-44]],[[11151,19831],[6,-18]],[[11157,19813],[2,-7],[-7,-85]],[[11152,19721],[0,-2],[12,-8]],[[11164,19711],[4,-2],[14,4]],[[11182,19713],[17,60],[4,1]],[[11203,19774],[49,16],[1,2]],[[11253,19792],[49,77]],[[11337,19861],[-16,-42]],[[11321,19819],[-1,-3],[0,-30]],[[11390,19701],[-1,-16]],[[11389,19685],[0,-3],[-15,2]],[[11239,19600],[0,-18],[1,-1]],[[11240,19581],[3,-5]],[[11243,19576],[7,-11],[3,-1]],[[11253,19564],[5,-1]],[[11258,19563],[7,-1],[2,1]],[[11267,19563],[10,7]],[[11277,19570],[3,2],[0,1]],[[11280,19573],[24,70]],[[11304,19643],[35,-4]],[[11339,19639],[1,-1],[4,3]],[[11344,19641],[25,15],[5,-3]],[[11374,19653],[6,-5]],[[11380,19648],[5,-3],[0,-35]],[[11385,19610],[0,-7],[1,-2]],[[11386,19601],[2,-4]],[[11388,19597],[6,-11],[9,0]],[[11403,19586],[7,0]],[[11410,19586],[6,-1],[6,10]],[[11422,19595],[2,2]],[[11424,19597],[1,2],[0,47]],[[11425,19646],[0,8],[6,6]],[[11431,19660],[7,7]],[[11438,19667],[3,3],[16,-6]],[[11493,19615],[14,-2],[3,3]],[[11510,19616],[8,10]],[[11518,19626],[-1,49]],[[11517,19675],[0,2],[23,30]],[[11540,19707],[14,51],[5,5]],[[11559,19763],[4,5]],[[11563,19768],[2,2],[7,-10]],[[11572,19760],[2,-3]],[[11574,19757],[1,-2],[8,-49]],[[11576,19606],[24,-1],[26,-14]],[[11626,19591],[42,-22]],[[11668,19569],[10,-5]],[[11678,19564],[2,-1],[2,8]],[[11682,19571],[2,11]],[[11684,19582],[0,1],[-2,5]],[[11682,19588],[-14,39],[1,12]],[[11669,19639],[1,4]],[[11670,19643],[0,8],[13,7]],[[11732,19545],[7,80],[0,2]],[[11739,19627],[-5,33]],[[11884,19581],[-2,-12],[-2,-2]],[[11880,19567],[-43,-25]],[[11799,19457],[42,39],[46,26]],[[12709,19360],[32,85]],[[12741,19445],[0,1],[2,27]],[[12646,19756],[-9,25],[-8,15]],[[12618,19789],[-15,7],[0,1]],[[12603,19797],[0,10]],[[12603,19807],[0,3],[3,15]],[[12633,19839],[-9,16]],[[12624,19855],[0,1],[18,3]],[[12801,20005],[8,-13]],[[12809,19992],[0,-1],[28,21]],[[12919,19962],[17,-9],[7,-13]],[[12937,19935],[14,-1]],[[12951,19934],[1,0],[-1,-1]],[[12951,19933],[-1,-8],[8,-4]],[[12958,19921],[2,-1],[-7,-2]],[[12953,19918],[-3,-1],[0,-1]],[[12950,19916],[9,-16]],[[13070,19781],[3,-5]],[[13073,19776],[1,-2],[-9,4]],[[13157,19703],[14,-6]],[[13171,19697],[1,0],[11,6]],[[13342,19571],[14,-18],[0,-1]],[[13356,19552],[-2,-2]],[[13354,19550],[-2,-3]],[[13352,19547],[-1,-2],[9,4]],[[13357,19539],[10,-10]],[[13367,19529],[1,0],[-1,-1]],[[13367,19528],[-6,-2],[0,-9]],[[13361,19517],[0,-2]],[[13361,19515],[0,-2],[16,-13]],[[13377,19500],[1,-11]],[[13378,19489],[0,-2],[23,-11],[0,1]],[[13401,19477],[2,5]],[[13403,19482],[1,5]],[[13404,19487],[0,1],[26,3]],[[13630,19347],[42,-34],[2,-4]],[[13674,19309],[33,-48]],[[14053,19551],[-6,26],[0,1]],[[14047,19578],[5,40]],[[14149,19757],[30,69],[2,1]],[[14181,19827],[26,9]],[[14255,19824],[33,1]],[[14288,19825],[3,0],[-1,-18]],[[14842,19473],[65,-3],[1,-2]],[[14908,19468],[3,-13]],[[14911,19455],[18,-59]],[[15110,19181],[48,-62]],[[15158,19119],[11,-14]],[[15169,19105],[2,-2],[0,-7]],[[15171,19096],[2,-52]],[[15173,19044],[2,-29]],[[15175,19015],[0,-9],[9,-14]],[[15171,17800],[36,-36]],[[15207,17764],[1,-1],[-12,-24]],[[15196,17739],[-1,-1]],[[15195,17738],[0,0],[-41,-37]],[[15557,16895],[19,-20],[3,0]],[[15579,16875],[93,-10]],[[15774,16841],[27,0]],[[15801,16841],[11,0],[38,-16]],[[15850,16825],[11,-26],[3,0]],[[15864,16799],[6,0]],[[15870,16799],[36,1]],[[15906,16800],[10,0]],[[15916,16800],[27,1]],[[16028,16665],[40,-75],[0,-1]],[[16068,16589],[19,-95]],[[16068,16479],[9,-68]],[[16077,16411],[1,-2],[-36,-52]],[[16042,16357],[-2,-2],[21,-23]],[[14986,14480],[19,-316],[43,-672]],[[14561,16634],[-38,61],[-9,4]],[[14514,16699],[-3,2]],[[14511,16701],[-3,1],[-18,-6]],[[14356,16607],[14,-36]],[[14370,16571],[1,-3],[-4,-8]],[[14367,16560],[-12,-26]],[[14341,16540],[-2,-23],[-26,-28]],[[14257,16419],[-5,-115]],[[14872,15476],[9,-8]],[[14881,15468],[0,0],[-1,104]],[[14569,15065],[-28,-6],[-1,-1]],[[14540,15058],[-45,-41]],[[14742,15108],[6,22],[-3,0]],[[14745,15130],[-2,1]],[[14743,15131],[-4,0],[-1,-8]],[[14738,15123],[0,-5],[-6,-4]],[[14732,15114],[-11,-7],[-97,-45]],[[14624,15062],[-7,-4],[-48,7]],[[12832,15202],[133,-8],[22,-13],[-16,-24],[-76,-54],[-38,-54],[-48,-146],[-34,-64],[-19,-23],[-44,-12],[-25,-20],[-1,-49],[61,-85],[2,-30],[-32,-10],[-57,76],[-40,24],[-28,2],[-54,-38],[-70,-90],[-98,-60],[-47,48],[-1,24],[32,20],[47,96],[8,-4],[-5,8],[21,65],[123,228],[13,13],[9,-3],[-7,8],[8,15],[67,70],[48,2],[0,7],[-19,-1],[-3,8],[63,56],[59,26],[9,-2],[2,-14],[9,12],[26,-4]],[[12487,15087],[-34,-14],[-32,-47],[-47,-28],[13,43],[42,40],[77,32],[9,-19],[-12,-10],[-16,3]],[[12919,15107],[28,18],[13,3],[-58,-49],[17,28]],[[12511,15124],[31,20],[10,-6],[-16,-19],[-25,5]],[[12251,14861],[-3,-73],[9,-35],[-5,-45],[-6,1],[-8,-32],[-27,-20],[-85,-23],[-10,32],[10,40],[-9,1],[-5,43],[17,9],[-15,8],[4,24],[-15,15],[12,66],[-2,45],[35,50],[85,59],[17,-85],[1,-67],[-9,-11],[9,-2]],[[12455,14939],[-104,-198],[-33,-32],[-34,1],[4,75],[-9,83],[8,49],[37,37],[113,78],[-2,11],[18,23],[44,13],[7,-4],[-19,-68],[-26,-61],[-10,-4],[6,-3]],[[12329,14977],[33,54],[22,13],[-19,-51],[-46,-34],[10,18]],[[12231,15315],[27,12],[9,-8],[0,-75],[-9,-18],[-89,-65],[-38,-51],[-15,-11],[-12,10],[5,-10],[-10,-3],[11,-6],[-8,-2],[-7,-34],[-27,-31],[-36,-1],[-16,23],[23,86],[22,3],[-19,9],[7,50],[11,5],[22,-12],[11,7],[-28,22],[-5,27],[9,12],[16,-2],[-3,11],[17,14],[86,45],[39,8],[8,-6],[-11,-3],[10,-6]],[[12557,15148],[6,7],[45,22],[-26,-24],[-21,-11],[-4,6]],[[12666,15634],[25,-32],[0,-67],[-12,-14],[-5,-72],[21,-111],[-19,0],[19,-25],[6,-78],[-21,-6],[-18,-25],[-118,-49],[-51,-38],[-63,-26],[-36,-36],[-32,-13],[-50,-81],[-28,-14],[-10,17],[5,47],[-7,6],[11,77],[59,134],[6,-6],[-2,10],[8,2],[2,19],[25,41],[11,-4],[-8,26],[38,73],[-6,10],[17,56],[59,135],[12,2],[4,17],[25,19],[50,18],[50,0],[33,-12]],[[12293,15314],[14,43],[13,4],[-4,-44],[-21,-28],[-2,25]],[[12293,15585],[34,-24],[38,-78],[-8,-22],[-62,-75],[-47,-40],[-62,-8],[-122,-62],[-33,-2],[-10,23],[15,57],[49,107],[30,42],[17,7],[10,21],[37,31],[67,26],[47,-3]],[[108833,21612],[14,23],[79,-54],[-50,-8],[-43,39]],[[110422,21578],[-1,153],[59,-99],[-58,-54]],[[108578,22605],[-6,21],[9,3],[16,-6],[9,-20],[-28,2]],[[109336,22775],[-8,-62],[-43,-15],[-21,38],[72,39]],[[109855,23006],[6,-29],[11,-9],[-30,-23],[-16,21],[29,40]],[[109917,23040],[33,-19],[-7,-26],[-36,7],[4,36],[6,2]],[[108680,23433],[-14,7],[16,34],[51,2],[-2,-26],[-36,-21],[-15,4]],[[109246,23657],[-7,35],[69,-18],[9,-16],[-20,-13],[-15,-31],[-18,-1],[12,31],[-30,13]],[[108230,23203],[-32,-49],[-17,4],[32,44],[17,1]],[[108341,23313],[14,5],[8,-25],[-18,-25],[-61,-13],[-3,13],[60,45]],[[108397,23368],[16,-7],[-38,-31],[-7,3],[-1,21],[30,14]],[[92102,21890],[-86,35],[-60,1],[-30,38],[21,48],[2,45],[-49,56],[-9,50],[-55,25],[17,82],[46,74],[6,40],[-8,92],[15,98],[-29,54],[66,76],[94,141],[2,73],[28,50],[-26,103],[2,82],[-50,57],[-63,11],[-58,25],[-14,26],[-23,-6],[-37,-31],[-28,-10],[-37,10],[-18,37],[6,46],[-96,25],[-27,41],[21,118],[31,108],[-8,74],[-42,128],[-35,16],[-7,37],[-38,75],[-67,89],[2,43],[92,74],[-7,61],[22,48],[-31,59],[-1,41],[-41,49],[-10,68],[23,49],[-2,42],[-43,35],[-70,85],[-20,43],[20,73],[28,44],[55,127],[38,57],[43,32],[131,153],[62,136],[13,72],[13,24],[1,57],[59,95],[42,103],[23,25],[77,19],[11,13],[9,99],[-7,60],[4,73],[-18,54],[-1,143],[-76,96],[-11,200],[-30,102],[-45,59],[-6,97],[9,65],[-11,60],[-27,56],[-93,61]],[[91686,26981],[-37,51],[-6,5]],[[91643,27037],[-33,-15],[-27,2],[-16,42],[-16,-8],[-28,-53],[-363,-159]],[[91160,26846],[-219,33],[-17,8]],[[90924,26887],[-23,11]],[[90901,26898],[-19,9],[-16,20]],[[90866,26927],[1,34]],[[90867,26961],[33,65],[28,135],[21,15],[74,24],[46,49],[19,-13],[49,12],[21,-8],[44,18],[10,32],[82,94],[29,103],[20,-13],[21,1],[31,30],[18,33],[5,54],[18,46],[-1,68],[12,55],[-12,130],[11,36],[75,69],[12,79],[-10,82],[15,32],[11,-6],[10,-31],[13,-7],[86,5],[12,17],[12,-6],[-5,-35],[21,36],[-30,27],[6,11],[-7,25],[-18,24],[35,43],[1,15],[-38,-18],[-11,4],[6,8],[-19,5],[4,18],[40,35],[74,35],[-12,7],[78,18],[-47,8],[28,27],[-25,4],[-20,16],[11,-30],[-45,-38],[-21,-5],[-28,18],[-31,43],[13,42],[-38,14],[-18,18],[-1,-18],[18,-15],[24,-2],[-12,-46],[-11,-12],[-24,-5],[-17,42],[1,-38],[-41,-11],[-13,6],[10,34],[-4,20],[-24,30],[15,-51],[-11,-35],[40,-40],[38,-8],[-19,-17],[7,-16],[-29,-37],[-19,-4],[-26,18],[20,-44],[-5,-14],[-14,13],[-8,30],[-13,-62],[-38,21],[1,12],[-16,-9],[-3,9],[-11,-12],[-17,4],[24,43],[1,26],[-40,7],[10,-20],[18,-5],[-22,-38],[-31,-1],[-1,13],[-67,-47],[-15,3],[18,23],[1,24],[-31,-43],[8,48],[-57,-4],[-10,24],[-11,-22],[-21,7],[-49,-7],[-23,12],[9,18],[-24,10],[-7,15],[6,24],[-30,1],[3,13],[-7,6],[-41,8],[-19,20],[-14,1],[7,31],[28,-5],[-8,17],[30,74],[-23,-40],[-25,-5],[-44,20],[1,8],[16,11],[2,9],[-21,-14],[-15,4],[-14,-18],[-15,1],[7,32],[-28,5],[-2,21],[-16,11],[-3,30],[-13,-8],[-38,18],[22,47],[24,14],[20,30],[-83,-72],[-17,7],[11,16],[-6,7],[6,44],[38,44],[-22,-6],[-41,-60],[-59,92],[-21,-13],[-34,12],[-40,32],[-38,11],[-9,15],[4,20],[63,67],[29,95],[5,50],[-36,-30],[-35,-7],[-28,-27],[-8,-15],[2,-59],[-18,-54],[-31,-23],[-89,-17],[-76,17],[-10,13],[84,65],[18,55],[20,17],[17,32],[4,93],[-12,19],[33,68],[11,86],[-11,62],[-17,22],[51,97],[40,29],[16,24],[127,19],[82,55],[78,87],[56,86],[107,110],[59,79],[70,55],[85,97],[44,26],[91,82],[36,16],[75,72],[44,59],[26,56],[12,36],[0,36],[37,26],[43,69],[6,39],[27,46],[19,60],[24,31],[-11,15],[15,19],[7,35],[20,-11],[18,10],[52,-39],[42,-8],[23,-58],[-6,-54],[-17,-10],[-13,-41],[-21,-24],[-7,-54],[-16,-47],[-15,-14],[70,-61],[123,-77],[111,-49],[538,-44],[70,-18],[42,7],[160,49],[210,104],[63,46],[94,97],[26,85],[0,46],[37,110],[10,55],[-3,40],[22,68],[-1,33],[29,72],[-14,30],[25,102],[7,78],[-8,145],[22,83],[22,41],[32,35],[199,83],[110,57],[40,27],[4,24],[16,1],[18,-15],[21,14],[51,43],[13,24],[56,40],[12,35],[-5,22],[31,61],[22,1],[5,13],[26,-6],[83,39],[-19,20],[45,66],[10,-1],[-3,108],[20,39],[-31,111],[9,23],[-14,18],[-31,4],[10,19],[17,7],[19,44],[17,17],[-13,-6],[-24,9],[45,115],[2,35],[-6,59],[-35,50],[6,9],[39,-1],[38,25],[-11,8],[22,44],[13,51],[27,3],[21,-33],[22,46],[20,18],[37,85],[46,-7],[20,-29],[32,-7],[28,16],[30,39],[12,69],[-15,17],[0,53],[-10,7],[13,13],[1,26],[11,6],[-6,30],[9,24],[-12,48],[46,53],[41,6],[-60,48],[47,55],[1,45],[18,20],[-10,11],[-17,-1],[-20,34],[-14,-1],[2,-25],[-6,0],[-2,-17],[12,-24],[-66,-53],[-12,4],[-4,52],[-27,23],[-7,29],[-24,-1],[-9,9],[-12,30],[0,32],[-17,10],[4,10],[32,11],[13,54],[12,6],[12,-8],[10,-24],[35,2],[47,26],[106,122],[16,3],[8,-10],[-5,30],[35,48],[-11,24],[3,15],[61,41],[62,60],[118,277],[28,20],[23,47],[18,17],[14,5],[2,-14],[24,-2],[25,15],[-1,8],[-19,-13],[-19,2],[-7,20],[23,23],[90,50],[51,46],[12,38],[-18,15],[29,55],[38,15],[2,17],[69,9],[24,16],[1,14],[12,-12],[18,-1],[32,3],[27,15],[0,11],[19,6],[10,19],[2,18],[-20,9],[2,18],[14,11],[19,-18],[17,7],[15,41],[-2,33],[8,11],[30,-31],[10,0],[7,-31],[-16,-13],[3,-20],[14,-44],[58,10],[11,40],[-11,2],[-2,21],[13,-3],[5,-39],[52,-11],[12,23],[-12,3],[-1,20],[26,-7],[10,15],[14,-3],[-11,30],[-52,3],[17,32],[-12,21],[-40,7],[-13,-16],[-6,3],[18,24],[48,19],[49,40],[-15,23],[-12,-7],[-30,18],[-39,-11],[15,22],[48,12],[24,27],[-7,5],[-20,-9],[-50,48],[-16,-2],[22,22],[0,13],[20,4],[10,24],[-5,15],[12,12],[23,-31],[25,15],[6,-32],[14,-19],[22,-1],[-1,14],[23,2],[7,20],[19,1],[-9,22],[4,20],[-22,10],[2,13],[-26,8],[1,19],[-16,7],[10,26],[60,-16],[17,8],[6,10],[-16,24],[3,12],[39,6],[12,-19],[8,15],[129,88],[23,27],[22,7],[11,16],[173,110],[289,213],[72,86],[23,35],[18,59],[29,141],[-9,5],[-11,-7],[-17,14],[-3,28],[44,22],[-3,24],[14,4],[1,17],[11,3],[4,15],[12,-2],[19,17],[8,21],[-8,33],[17,-10],[13,7],[20,26],[8,29],[21,-2],[33,35],[2,17],[24,19],[38,124],[2,13],[-14,6],[11,15],[-8,9],[62,37],[60,65],[-5,24],[28,17],[8,20],[-4,12],[17,13],[3,17],[-7,9],[16,18],[-10,19],[33,-8],[19,12],[9,30],[30,17],[1,9],[17,-20],[19,0],[28,20],[23,33],[12,-3],[51,24],[14,37],[22,17],[10,35],[16,12],[22,60],[-2,18],[40,33],[7,156],[-47,105],[-28,20],[21,56],[-41,116],[10,22],[37,2],[35,55],[23,8],[-18,16],[46,90],[58,14],[42,23],[1,15],[-28,37],[-20,-7],[-39,13],[-50,39],[-9,17],[-4,62],[3,74],[50,10],[69,40],[85,66],[76,165],[76,129],[-1,86],[-26,32],[14,27],[21,20],[66,13],[20,24],[-8,33],[13,-1],[5,15],[-28,18],[12,8],[21,60],[-2,14],[13,18],[6,74],[-25,29],[17,4],[16,18],[36,-4],[30,73],[-9,53],[71,-15],[129,-130],[20,-43],[57,-42],[33,-43],[20,-8],[39,-47],[121,-76],[23,-23],[1,-25],[25,-31],[12,-31],[-16,-80],[77,-148],[18,-65],[21,-38],[-11,-7],[-4,-45],[-30,-56],[-12,3],[-3,21],[-38,-18],[5,14],[-13,27],[-69,31],[-36,-5],[1,-42],[-41,-22],[6,-16],[-14,-20],[-44,19],[-2,16],[-70,59],[-36,-4],[-37,-35],[46,2],[46,-30],[-3,-25],[-22,-3],[-8,-19],[52,-7],[9,-14],[-29,-17],[-9,-16],[1,-11],[37,-24],[28,0],[37,53],[90,-8],[36,10],[26,-9],[9,-18],[100,4],[-7,-20],[-77,-53],[-17,-25],[11,-26],[22,-11],[30,-50],[42,-14],[47,14],[8,-14],[-65,-35],[-22,-103],[3,-49],[33,-79],[4,-37],[-14,-12],[-34,-3],[-17,-50],[-37,-55],[-44,-55],[-20,-6],[-49,-42],[-27,-39],[-31,-94],[-54,-71],[-9,-49],[-41,-69],[-12,-68],[-28,-13],[-9,-14],[-64,7],[11,-19],[44,-4],[3,-16],[-95,-74],[-6,-51],[-15,-26],[-15,-6],[-7,-27],[8,-94],[-10,-10],[-7,-86],[-27,-38],[33,15],[-17,-32],[17,-8],[0,-14],[11,-6],[-11,-24],[37,-2],[-4,-8],[18,-17],[-11,-24],[-13,-7],[20,-10],[34,78],[10,-8],[13,-56],[15,-8],[10,-30],[12,18],[8,-13],[14,9],[29,0],[45,-33],[8,-41],[3,62],[65,14],[-9,-34],[20,29],[22,1],[-7,31],[20,16],[-4,10],[29,-14],[3,-25],[6,11],[30,-3],[-19,6],[3,53],[37,-25],[17,16],[14,-16],[5,21],[23,-16],[19,1],[9,28],[9,2],[2,100],[38,58],[-9,23],[-21,4],[6,7],[111,46],[31,65],[10,0],[29,30],[32,86],[17,2],[59,69],[96,8],[28,26],[8,33],[47,30],[15,23],[49,21],[40,45],[68,25],[27,20],[8,11],[-8,14],[13,12],[3,47],[24,34],[-21,4],[-11,13],[0,22],[-24,18],[-14,27],[2,35],[37,74],[21,24],[7,4],[18,-36],[31,1],[-31,15],[17,54],[6,68],[84,91],[51,94],[18,13],[6,-19],[8,0],[3,19],[-26,20],[9,16],[13,5],[32,-60],[-4,36],[-29,64],[17,29],[51,37],[112,30],[28,-57],[4,59],[22,-7],[46,-53],[1,-23],[9,3],[22,-16],[27,-62],[40,-44],[-2,17],[20,13],[-42,36],[-100,141],[-35,22],[-66,-1],[-8,16],[38,105],[1,29],[-36,66],[-54,62],[-20,0],[-38,20],[17,194],[-15,38],[-22,9],[-1,13],[30,87],[25,8],[40,-14],[21,-21],[10,-19],[-9,-16],[10,-25],[100,0],[60,24],[18,29],[17,-1],[-21,20],[-110,29],[-20,20],[-11,54],[8,40],[16,23],[34,-2],[36,51],[84,50],[80,24],[33,-7],[73,-50],[32,16],[-1,-41],[11,8],[11,38],[-32,81],[3,19],[25,12],[116,-2],[60,-84],[24,-17],[40,-3],[8,-26],[52,-78],[12,-60],[27,-39],[52,-18],[63,-49],[72,-14],[121,-5],[5,-37],[-13,-47],[53,-177],[-9,-46],[-46,-50],[-13,-32],[13,-23],[30,13],[2,-45],[-133,-164],[22,-59],[-86,-80],[35,-37],[19,-49],[8,-8],[25,3],[25,-50],[2,-29],[37,-12],[-23,-40],[-3,-32],[45,-109],[91,-90],[63,-25],[-98,-113],[-28,-13],[-83,-8],[32,-14],[-5,-48],[34,49],[66,29],[61,62],[53,17],[24,-8],[-16,-69],[-15,-24],[-57,-43],[-32,-44],[15,-115],[11,-27],[28,-41],[62,-40],[-9,-34],[7,-55],[34,-46],[-6,-20],[24,-53],[-14,-9],[11,-52],[14,-16],[41,-29],[64,14],[31,50],[88,-82],[87,44],[38,9],[82,-53],[56,3],[19,-31],[38,-13],[-6,-39],[38,4],[18,-93],[-76,-7],[-31,-62],[34,-14],[12,47],[9,-11],[54,0],[54,-48],[75,0],[18,-43],[55,22],[151,6],[1,-37],[-33,-65],[-19,-100],[21,-11],[46,116],[25,39],[29,-40],[-42,-131],[-12,-14],[36,-115],[34,9],[-36,99],[44,49],[13,62],[-11,82],[-19,60],[35,8],[4,86],[141,259],[43,50],[87,-294],[40,-71],[17,-66],[48,-15],[7,-61],[-15,-38],[16,-21],[31,21],[56,-63],[101,-48],[55,-56],[-18,-76],[53,-88],[-17,-24],[-93,48],[-44,-42],[49,4],[47,-33],[98,9],[-66,135],[22,50],[46,17],[87,7],[122,-109],[-13,-67],[23,-57],[5,103],[16,56],[56,-75],[55,-38],[-7,-34],[-38,-11],[56,-22],[44,15],[94,-82],[117,-49],[-16,-19],[-92,-41],[66,-28],[55,0],[67,-21],[13,-35],[-37,-168],[-24,-34],[-2,29],[20,77],[-35,-6],[-59,30],[46,-116],[-13,-29],[-16,-116],[-24,-95],[-12,-19],[-81,-3],[27,-35],[61,13],[4,-45],[23,-21],[11,40],[27,-28],[29,-194],[-26,15],[-75,-18],[-15,26],[-17,-39],[34,-12],[58,23],[22,-18],[-13,-110],[-22,-20],[-18,-52],[-27,-25],[-59,103],[-49,14],[-58,42],[-23,-32],[26,-26],[21,16],[20,-30],[48,-8],[13,-45],[1,-47],[28,5],[14,-26],[34,1],[19,-10],[-13,-48],[-55,-46],[-35,-50],[-8,31],[-81,4],[-16,41],[-78,9],[-36,36],[19,97],[-63,49],[24,42],[-3,18],[-48,37],[2,31],[-22,-42],[13,-51],[-6,-57],[47,-10],[25,-16],[-21,-64],[5,-102],[-42,22],[-15,26],[-43,-77],[-98,15],[9,-23],[32,-29],[0,-38],[-33,-34],[-20,-9],[-31,17],[-43,46],[-60,3],[2,-26],[48,1],[4,-53],[-20,-69],[-89,-112],[-35,10],[-22,35],[-57,-51],[22,-20],[13,27],[61,-40],[-17,-60],[-93,-29],[-69,-42],[-24,-36],[128,26],[114,110],[87,-34],[19,-66],[-21,-46],[8,-25],[36,-20],[42,-59],[40,-38],[-2,-78],[-53,-8],[-32,-25],[-35,-50],[-11,-65],[20,-74],[-21,-44],[-53,-21],[-61,-39],[-161,-181],[-51,-172],[-84,-66],[-38,-19],[27,-25],[116,51],[17,34],[31,151],[33,52],[38,43],[44,32],[52,66],[71,26],[77,42],[-10,178],[43,55],[94,28],[39,-58],[25,-79],[29,-43],[8,-79],[-44,-37],[-34,-3],[-52,-60],[-39,-12],[-45,24],[-14,-3],[-37,-48],[-27,-20],[-42,-16],[-78,-3],[-15,-5],[-16,-27],[-7,-33],[-43,-77],[13,-23],[0,-42],[14,-17],[12,-61],[62,-31],[-57,-75],[21,-36],[-7,-43],[-19,0],[-35,54],[-29,-10],[-35,-98],[28,-17],[16,-81],[27,6],[36,44],[19,-46],[-35,-28],[-313,-172],[-60,-14],[-23,12],[-105,-37],[-96,-137],[6,-16],[83,26],[24,-18],[82,121],[32,17],[144,36],[-26,24],[77,33],[103,65],[25,-1],[-7,-59],[180,24],[53,-8],[61,-24],[-21,-91],[11,-33],[16,20],[31,77],[19,17],[274,70],[23,4],[66,-19],[54,-21],[10,-13],[50,-7],[1,-10],[77,1],[43,10],[22,-9],[33,16],[61,6],[30,20],[23,-3],[25,-13],[2,-88],[8,-43],[25,-53],[-66,-23],[-4,-31],[41,24],[68,-4],[22,20],[14,44],[-12,23],[-19,6],[5,-51],[-17,-17],[-23,84],[-2,97],[-17,51],[-20,35],[-52,52],[-9,32],[-4,43],[16,21],[220,-7],[50,-10],[8,7],[152,-3],[147,35],[63,5],[62,17],[43,26],[68,78],[55,22],[-77,60],[-7,17],[6,15],[53,69],[75,24],[96,102],[64,17],[19,21],[17,41],[9,-4],[58,45],[20,43],[13,10],[-24,56],[54,37],[17,43],[10,-3],[1,-20],[48,-22],[90,-5],[13,-8],[-9,-32],[13,-14],[3,-106],[8,0],[-11,-32],[16,2],[-10,-7],[4,-9],[83,16],[89,51],[22,-18],[-38,-87],[14,-25],[-55,-72],[101,-170],[80,-80],[-7,-31],[-60,-101],[-20,27],[-4,34],[-11,-24],[-22,0],[-3,-13],[39,-18],[7,-42],[-37,-15],[12,-23],[54,-13],[11,-9],[-3,-17],[111,-83],[59,-26],[19,-17],[25,-50],[2,-43],[-14,-27],[1,-42],[40,-15],[37,-47],[30,2],[9,-19],[29,-18],[8,3],[33,-42],[-6,-35],[-66,-45],[-60,-4],[0,-13],[-23,-7],[-3,16],[-46,-19],[3,-6],[-34,-33],[2,-37],[-15,-25],[5,-25],[-19,-13],[-10,15],[-24,-6],[-39,4],[3,8],[-18,-10],[-18,6],[-33,-13],[-4,-17],[-43,-8],[-93,-61],[-31,-7],[-53,-4],[-12,101],[-15,10],[-11,-30],[-17,0],[10,114],[48,88],[3,26],[-19,1],[-42,-59],[-24,-98],[-32,-45],[-34,-20],[-72,4],[-54,71],[1,-16],[25,-28],[1,-34],[-23,1],[-54,96],[18,-55],[-17,-18],[-33,-12],[-26,72],[18,-83],[28,-21],[9,-23],[-26,-10],[-59,-8],[-1,55],[-24,18],[14,-42],[-7,-21],[-26,-7],[1,25],[-15,0],[-11,27],[-7,-25],[12,-24],[-16,2],[-61,28],[-4,23],[-47,-36],[0,-18],[-15,-9],[-58,-1],[-35,10],[0,43],[-10,-14],[-15,-1],[-24,36],[-7,32],[-25,12],[-8,-5],[25,-37],[4,-19],[-11,-10],[-70,37],[10,-24],[90,-39],[19,-22],[-23,-20],[-43,-16],[-129,-20],[0,-11],[30,-17],[-5,-45],[12,-50],[57,13],[12,-6],[29,-37],[6,-69],[25,-22],[30,12],[32,-20],[31,-4],[24,22],[17,-9],[22,-36],[1,7],[14,-2],[13,-17],[21,21],[30,0],[21,-20],[5,6],[100,-25],[3,-37],[20,-15],[-19,-23],[-86,3],[-24,-21],[8,-8],[-34,4],[-15,-21],[-15,8],[-19,-47],[3,-18],[17,5],[1,26],[14,11],[95,28],[7,-18],[-30,-32],[-8,-26],[26,14],[4,-23],[-72,-44],[53,14],[23,-27],[-3,-13],[-43,10],[-33,-22],[44,6],[23,-11],[29,9],[15,24],[62,-6],[-56,-64],[-65,-18],[-59,-45],[98,29],[17,-20],[-80,-87],[71,41],[5,-12],[-12,-42],[12,-5],[13,32],[16,-17],[-16,47],[13,23],[16,-10],[0,43],[24,35],[41,-5],[26,-37],[-33,-37],[-8,-21],[57,51],[-20,53],[70,-12],[60,32],[-13,-65],[-30,-25],[-25,-37],[48,38],[22,27],[8,30],[21,11],[16,-15],[6,-27],[13,-1],[-3,30],[-15,27],[25,-27],[19,0],[-1,12],[-15,0],[-3,28],[15,21],[22,13],[26,-16],[40,-3],[9,-13],[3,14],[-11,14],[13,30],[13,-2],[7,33],[42,30],[-10,16],[28,13],[-26,12],[5,6],[80,22],[20,16],[48,12],[23,-10],[22,10],[5,-42],[-15,-20],[13,-8],[-14,-19],[6,-13],[28,0],[-18,-24],[-67,-26],[43,-5],[-33,-59],[61,79],[40,15],[-6,-27],[15,21],[4,-38],[16,-11],[5,33],[30,6],[63,51],[7,-55],[19,-37],[-1,-22],[23,-64],[-38,-44],[19,-5],[15,26],[35,-46],[4,13],[-21,68],[-2,40],[2,18],[10,-6],[27,-37],[7,-66],[64,-52],[17,-61],[14,-12],[-1,13],[10,-2],[25,-46],[7,2],[39,24],[-4,9],[-39,2],[-29,29],[-28,46],[-27,80],[13,12],[11,-1],[6,15],[22,13],[93,-23],[50,8],[18,15],[50,-9],[-44,29],[-55,66],[2,10],[87,-12],[9,11],[-130,12],[-35,13],[-10,18],[-19,6],[-18,34],[42,-3],[17,18],[-73,-3],[-11,44],[19,-8],[17,0],[1,7],[-56,29],[-5,15],[40,56],[7,29],[20,-1],[31,-17],[24,4],[24,7],[25,17],[11,22],[18,3],[48,-16],[9,-29],[13,23],[45,12],[11,-4],[-46,-52],[-28,-71],[-33,-33],[9,-1],[27,10],[13,17],[11,48],[13,17],[57,42],[101,-3],[6,8],[-97,16],[-2,17],[30,17],[-23,8],[-10,16],[19,16],[-15,19],[-18,-10],[-7,9],[-25,-13],[-9,-22],[46,-13],[-2,-17],[-69,-11],[-39,6],[-48,81],[1,26],[-22,-2],[49,61],[16,9],[44,-32],[18,5],[21,-21],[0,12],[-21,27],[-24,-4],[-17,26],[56,18],[44,51],[7,29],[28,1],[8,10],[-4,39],[-20,49],[7,12],[21,-2],[3,15],[44,-17],[12,6],[-6,12],[6,1],[27,-32],[12,3],[-11,25],[17,14],[71,20],[25,-9],[-1,12],[-29,13],[41,77],[24,13],[75,-19],[15,-10],[-29,-33],[59,26],[55,-44],[20,-65],[-13,-11],[-62,-9],[-25,-29],[12,-47],[-29,-20],[71,7],[6,11],[-27,16],[-4,26],[9,12],[63,11],[20,13],[6,45],[10,2],[198,-63],[70,1],[7,-17],[-45,-16],[-8,8],[-50,-19],[-24,2],[-40,-77],[-24,-14],[-11,-37],[-40,13],[6,-28],[10,-9],[-26,-29],[-13,-35],[-23,-15],[7,-35],[10,32],[21,9],[14,44],[19,7],[-6,37],[34,-7],[19,35],[42,-6],[11,-38],[-3,-44],[6,-2],[15,42],[-11,49],[24,19],[-13,7],[-18,-12],[-7,6],[4,47],[93,26],[61,-45],[20,12],[22,-10],[31,17],[37,-1],[23,-48],[21,-124],[16,-27],[19,-9],[6,38],[-21,26],[-13,147],[-121,81],[-2,39],[32,-4],[7,29],[25,1],[129,-99],[48,-60],[63,-7],[35,-21],[14,-21],[89,-32],[40,-2],[52,-44],[64,-28],[21,-23],[3,-17],[38,-11],[42,-27],[32,-52],[28,-28],[52,-1],[305,-243],[21,-23],[-45,-102],[-37,-59],[177,88],[22,-3],[101,-140],[71,-81],[-13,-31],[-18,-19],[-29,-17],[-28,-3],[15,-21],[43,-22],[39,3],[92,76],[48,5],[65,-35],[88,-106],[81,-142],[74,-105],[179,-146],[176,-99],[12,-81],[37,59],[26,9],[154,-99],[32,-69],[0,-114],[-22,-13],[15,-36],[7,-90],[-13,-44],[7,-23],[-6,-39],[7,-29],[20,-26],[24,24],[37,17],[-7,59],[14,10],[36,0],[-4,16],[-34,22],[-11,33],[18,59],[-38,145],[-6,46],[7,31],[99,-89],[83,-53],[19,-52],[381,-227],[45,-48],[65,-94],[-29,-19],[-36,-48],[-29,-20],[-42,-11],[-27,6],[-26,18],[-2,34],[-63,26],[-23,30],[-27,0],[17,-36],[42,-37],[37,-49],[-6,-27],[-74,-62],[-38,-58],[67,16],[45,-21],[79,-14],[28,-24],[62,27],[52,12],[34,-5],[86,29],[90,-11],[18,4],[17,29],[149,23],[-25,35],[-118,-20],[-84,-41],[-63,22],[-22,15],[1,28],[15,30],[-25,52],[-23,74],[-5,52],[67,1],[178,-50],[150,-56],[97,-6],[37,-14],[135,-4],[167,33],[118,145],[-21,9],[-33,40],[20,90],[159,37],[95,-52],[19,-22],[149,-104],[78,-28],[289,-316],[8,-52],[37,-63],[19,-112],[2,-67],[21,-65],[8,3],[9,-78],[-15,-55],[-33,-69],[6,-48],[-39,-42],[-9,-47],[24,-62],[76,-41],[10,-34],[-5,-197],[-55,-75],[-42,-35],[-22,-50],[-73,-114],[-83,-81],[-19,-53],[-40,-5],[-230,-188],[-60,-25],[-23,-9],[0,9],[-23,-3],[-23,10],[-232,-129],[-278,-84],[-50,-40],[-78,7],[-38,-7],[-72,-36],[-100,-9],[-241,-82],[-126,-28],[-38,-29],[-160,-68],[-156,-149],[-45,1],[-32,-17],[-35,12],[-60,-11],[-113,-41],[-139,-64],[-67,-44],[-34,-40],[-33,-11],[-66,-54],[-60,-16],[-31,6],[-24,-10],[-14,23],[-41,-27],[-17,27],[-94,-5],[-20,-18],[-66,2],[-6,-21],[-57,-29],[18,-35],[-73,9],[4,29],[-35,18],[-13,-19],[-3,-27],[-20,-7],[-10,36],[-11,7],[-31,-11],[-156,78],[-11,-20],[-43,3],[-28,17],[-45,9],[-29,36],[-99,2],[0,-24],[-84,24],[-21,28],[-26,-41],[-30,-20],[-2,-23],[-37,-27],[-20,-38],[-50,-58],[-30,-4],[-36,-25],[-81,16],[-9,10],[-24,-19],[-109,24],[6,23],[-17,-4],[-88,136],[1,25],[23,31],[-5,18],[-26,-28],[-14,0],[26,67],[-17,71],[15,31],[-126,98],[-130,62],[-45,5],[-59,22],[-97,-6],[-10,-27],[-1,25],[-26,-17],[-3,-11],[-7,26],[-10,6],[6,-11],[-4,-7],[-22,0],[-1,10],[-7,-23],[-8,5],[2,20],[-35,16],[2,-8],[-7,-10],[1,16],[-15,5],[10,5],[-9,6],[-13,-25],[-14,-7],[4,-9],[-27,19],[-9,-3],[5,-7],[-8,-4],[25,-36],[-31,41],[-13,-1],[-18,-17],[25,11],[-5,-12],[-14,-5],[-42,-70],[-39,-105],[24,-43],[-50,-22],[18,-15],[-18,-52],[-22,-28],[-31,3],[15,19],[-5,26],[-23,27],[1,96],[-15,-7],[-27,-54],[-19,-97],[-31,-4],[-91,39],[-58,-1],[-30,12],[-76,69],[7,-67],[14,-12],[-15,-40],[-32,-2],[-31,-30],[-18,-6],[-34,10],[-15,-8],[-15,-33],[5,-17],[-20,-31],[-37,-13],[-70,-69],[37,-25],[29,-4],[-19,-28],[-69,-44],[-15,-8],[-30,9],[-33,-26],[7,-63],[-33,-58],[-29,-30],[-25,21],[-75,-27],[-50,-2],[-7,-43],[37,-131],[-2,-57],[-10,-22],[62,-6],[-2,-19],[36,4],[62,27],[15,-12],[7,-65],[42,-52],[56,-41],[-8,-4],[-15,-43],[21,7],[13,30],[12,-1],[35,-73],[16,-96],[-8,-61],[-9,-13],[-51,-20],[8,-12],[29,9],[47,-32],[61,-108],[-1,-24],[-21,-15],[1,-10],[37,2],[10,-18],[67,-36],[-24,-29],[-2,-37],[38,-28],[-2,57],[43,-1],[-18,-34],[10,-8],[-7,-23],[47,-21],[26,-56],[29,-9],[11,35],[45,6],[6,-7],[-34,-91],[22,-36],[18,-68],[40,-18],[69,14],[17,-9],[14,-25],[57,-17],[15,-14],[5,-50],[-13,-20],[22,-68],[32,-9],[55,6],[46,-21],[45,-5],[56,17],[46,26],[53,-15],[42,-36],[-1,-70],[13,-35],[36,-38],[47,-70],[23,31],[21,-20],[21,-32],[7,-27],[-24,-23],[8,-8],[26,1],[16,-17],[10,31],[31,43],[6,45],[16,28],[63,13],[33,-4],[34,-57],[66,-36],[59,-83],[25,-3],[39,29],[62,-45],[10,-23],[-3,-37],[-55,-125],[-4,-34],[-56,-34],[-43,38],[-43,14],[-30,-19],[-23,27],[-5,-62],[22,-1],[86,-78],[68,-10],[71,-92],[22,-72],[-10,-108],[9,-44],[62,-100],[24,-21],[30,-9],[-48,42],[-57,110],[-1,66],[16,59],[43,-5],[27,15],[-5,25],[12,20],[148,190],[63,9],[105,-25],[3,-29],[13,27],[42,-6],[14,-12],[43,1],[-4,-15],[7,-9],[12,6],[38,-17],[0,-17],[-16,-11],[-51,-20],[-7,11],[-13,-29],[-22,-9],[-15,-47],[54,-9],[13,49],[27,-3],[32,-22],[11,-34],[21,-18],[30,-4],[9,11],[16,-7],[19,-19],[-9,-9],[41,-27],[6,-13],[7,6],[27,-52],[7,2],[-7,-16],[-1,11],[-5,-5],[-4,-38],[-37,-25],[16,-16],[69,29],[51,-47],[2,-41],[-116,-128],[-19,-74],[-34,-15],[-22,1],[-18,15],[-11,51],[6,62],[-5,12],[-23,-9],[-15,11],[-27,68],[-9,-1],[-8,-56],[-12,-10],[-36,-3],[-60,31],[29,-58],[79,-60],[40,-78],[-47,-19],[-44,-66],[-28,-20],[-27,0],[5,-24],[-30,-20],[-28,-13],[-31,2],[-12,31],[18,29],[-11,4],[-42,-36],[-7,-29],[39,-121],[-24,-7],[-101,3],[-20,-12],[-43,8],[-43,22],[-39,43],[-86,-9],[-150,-42],[-52,-22],[-14,-17],[-98,-10],[-54,-45],[13,-24],[-58,-38],[-29,26],[-52,2],[-52,16],[-35,68],[-20,16],[-47,-8],[-40,6],[2,-13],[-34,-19],[-15,1],[-96,76],[-50,-16],[48,-7],[13,-15],[-7,-27],[-80,-57],[-44,-45],[-60,-14],[-10,35],[-41,-31],[-161,-26],[-168,-51],[-81,-33],[-34,-27],[24,-40],[-74,13],[-90,-12],[-54,8],[-37,22],[16,38],[-23,-4],[-32,-31],[-50,-14],[-76,-41],[-57,-2],[-94,-37],[-303,-173],[-241,-95],[-146,-74],[-36,-8],[-135,29],[-59,69],[-133,52],[-22,21],[-71,-15],[-56,-35],[-35,7],[2,10],[-8,3],[-12,-1],[-1,-12],[-35,-7],[-11,0],[-4,11],[-8,-6],[-17,8],[-20,57],[-16,15],[1,28],[-15,0],[10,10],[-15,-6],[8,15],[-13,-8],[-10,24],[-35,39],[-9,30],[-57,69],[-75,66],[-97,25],[-38,25],[-47,89],[-17,114],[-15,33],[-20,-36],[-147,28],[-11,-12],[-35,32],[-40,-1],[-20,11],[-12,-15],[-23,0],[-19,78],[-41,102],[-35,49],[-34,10],[-49,99],[-30,-64],[43,-139],[-13,-5],[-2,-12],[-19,0],[-9,19],[-60,6],[-40,55],[-57,37],[-2,25],[32,26],[-17,16],[13,73],[-19,44],[-38,27],[-96,38],[16,35],[-23,-29],[-25,-86],[-33,6],[-51,-5],[-13,-7],[-7,-22],[-26,7],[-6,-37],[-48,31],[-39,-11],[-23,-21],[-36,6],[0,-14],[30,-16],[94,-20],[27,-30],[-30,-18],[-55,-10],[-80,43],[-32,-12],[-20,-30],[5,-42],[67,24],[20,-115],[-33,-29],[-16,2],[12,-26],[-49,-11],[2,-5],[21,-8],[43,4],[29,-28],[1,-13],[15,-2],[20,-23],[-9,-24],[-37,-28],[-10,-60],[-23,9],[-12,-45],[39,-2],[-4,-18],[-34,-13],[-37,-1],[-30,4],[-28,17],[-19,-37],[-23,-9],[-58,70],[-12,-67],[28,-29],[77,-23],[30,-18],[18,-16],[-2,-12],[22,-6],[121,-110],[39,37],[74,-4],[41,-32],[10,18],[40,-25],[18,-45],[-11,-39],[14,10],[7,-23],[-10,-29],[-96,-57],[-77,-74],[-83,18],[-111,69],[-45,62],[-92,49],[-4,-42],[-13,-17],[-22,-2],[-9,-20],[-32,-4],[-10,-25],[-32,0],[-55,18],[-56,43],[-10,-9],[-45,16],[-55,45],[60,-93],[60,3],[87,-59],[15,-3],[37,14],[83,57],[26,4],[249,-193],[0,-26],[-10,-1],[0,-49],[-28,-29],[-26,2],[-146,73],[-64,70],[-28,6],[-37,-102],[-15,3],[-55,45],[-9,-27],[-22,-14],[-35,-6],[-28,22],[6,-24],[16,-16],[-4,-9],[-53,19],[-25,-8],[4,-7],[81,-22],[93,-70],[-6,-52],[-24,-32],[-20,-3],[-38,-37],[-248,51],[-57,25],[-77,51],[-46,38],[-40,48],[-60,153],[-35,26],[-53,90],[-131,61],[-86,105],[-35,22],[-91,33],[-121,70],[-144,56],[-55,59],[-23,65],[-39,42],[-42,79],[-101,82],[-55,12],[-54,-23],[-54,-48],[-50,-69],[-81,-46],[-121,-4],[-125,92],[-148,-90],[-72,-20],[-72,-3],[-102,14],[-163,43],[-57,25],[-51,2],[-49,-20],[-27,-40],[-9,-33],[-41,-51],[-41,-5],[-31,30],[10,66],[-13,38],[-31,7],[-62,-25],[-42,-6],[-55,-27],[-60,-6],[-53,36],[-53,74],[-76,4],[-143,47],[-187,-154],[-107,-8],[-29,-46],[-93,8],[-101,100],[-57,-38],[-65,-16],[-28,8],[-29,46],[-72,163],[-78,54],[-51,-54],[-36,-85],[-64,-85],[-130,-62],[-100,8],[-100,62],[-136,-51],[-1,-9],[-78,-2],[-49,49],[4,61],[-32,128],[-61,-15],[-53,-26],[-20,14],[-43,70],[-39,98],[-21,32],[-30,-19],[-25,-73],[-73,-56],[-52,-60],[-45,-88],[31,-92],[41,-63],[-29,-31],[-103,-25],[-95,19],[-40,45],[-39,-50],[-26,-69],[-91,-88],[-62,-3],[-69,-40],[-41,40],[6,103],[-22,65],[-102,68],[-48,58],[-42,78],[-42,-8],[-46,37],[-13,52],[-27,30],[-55,9],[-50,31],[-87,15],[-65,-27],[-60,-74],[-138,-8],[-83,-44],[-71,14],[-91,75],[-18,-13],[-21,1],[-89,20],[-53,1],[-35,-23],[-48,1],[-36,26],[-63,-1],[-50,29],[-23,43],[-25,-37],[-12,-40],[-21,-155],[-35,-55],[-67,-46],[-65,-12],[-66,5],[-25,-24],[-72,-110],[-36,-36],[-22,-48],[-10,-50],[-48,-64],[-68,0],[-51,39],[-115,64],[-15,60],[-1,112],[-37,48],[-117,46],[-61,71],[-66,21],[-143,19],[-66,-23],[-55,1],[-67,31],[-42,65],[-14,54],[-40,63],[-29,21],[-28,-28],[-54,-7],[-56,-23],[-38,-66],[0,-89],[-35,-101],[0,-72],[22,-98],[22,-40],[-37,-25],[-57,-17],[-34,-32],[-8,-64],[-36,-45],[-72,-37],[-18,-41],[3,-110],[-22,-34],[-47,-28],[-48,-3],[-43,38],[-15,48],[-81,6],[-12,-61],[-16,-27],[-16,-55],[-30,-42],[-35,-13],[-18,16],[-44,-15],[-12,-11],[-6,-50],[-15,-32],[-19,-16],[-47,7],[-40,-8],[-30,13],[-39,-55],[0,-29],[-34,-33],[-14,-26],[3,-32],[-31,-26],[-8,-43],[7,-55],[-13,-25],[22,-48],[-45,-49],[3,-56],[-14,-12],[-64,59],[-3,-14]],[[108719,24075],[49,14],[36,-33],[14,13],[30,-41],[-11,-14],[34,-22],[6,-28],[19,-3],[20,-18],[36,18],[52,-36],[9,11],[11,-3],[21,-26],[56,-18],[4,-9],[4,16],[11,-18],[-19,-50],[7,-7],[27,5],[10,16],[5,-14],[9,0],[-1,82],[-8,15],[-28,12],[0,10],[23,0],[17,-13],[18,-67],[43,-1],[7,-12],[-61,-71],[-36,-14],[-66,-3],[-10,-16],[-28,-8],[-166,40],[-75,-96],[-33,3],[-5,-19],[-10,13],[-51,-54],[-63,-8],[-7,32],[47,39],[16,39],[36,18],[0,9],[-27,2],[2,30],[-11,15],[11,19],[-9,2],[3,8],[-38,42],[-59,27],[5,22],[-33,31],[-9,26],[-15,-1],[-12,42],[43,1],[13,23],[17,-12],[0,29],[-21,31],[-33,16],[6,4],[36,-5],[72,-37],[60,2]],[[110257,23936],[-10,28],[23,-11],[18,-34],[-31,17]],[[109815,24270],[13,-11],[-18,0],[-5,-14],[-23,36],[-28,11],[-3,14],[34,-5],[30,-31]],[[108717,24451],[2,16],[18,19],[15,4],[17,-10],[-10,-13],[-42,-16]],[[102476,22233],[-2,-18],[-20,-29],[-31,-1],[-5,12],[58,36]],[[102831,22340],[10,-18],[-18,-26],[56,6],[33,-29],[39,-92],[-15,-38],[-47,6],[-126,99],[-52,23],[-80,7],[-60,-35],[-10,13],[11,59],[-7,9],[-64,-3],[-11,83],[38,1],[26,21],[7,64],[25,6],[95,-97],[66,-35],[16,3],[68,-27]],[[103002,22379],[53,-42],[9,-20],[-7,-9],[-38,-16],[-36,85],[19,2]],[[102455,22428],[17,-5],[-7,-61],[-57,43],[28,22],[19,1]],[[103666,22705],[119,-63],[33,-61],[15,-60],[117,-78],[86,-71],[276,-59],[81,-9],[3,-19],[19,-26],[77,-82],[-1193,4],[-100,56],[-6,26],[-13,10],[-46,17],[-18,22],[-21,1],[-30,39],[-104,77],[2,41],[18,38],[66,69],[103,80],[62,82],[18,8],[47,8],[136,-18],[149,-2],[104,-30]],[[104398,22622],[0,-2],[-2,0],[0,2],[2,0]],[[104331,22727],[0,-3],[-3,0],[0,3],[3,0]],[[102835,23039],[14,-49],[-6,-24],[31,0],[23,-25],[33,-13],[21,16],[131,-30],[33,-31],[16,-45],[-21,-5],[-70,42],[-67,23],[-114,-29],[-182,137],[4,31],[15,9],[37,-9],[102,2]],[[102903,22976],[-22,32],[-12,55],[1,12],[21,7],[10,16],[-56,-8],[-4,81],[27,15],[37,-12],[10,13],[-23,11],[-6,17],[2,53],[43,36],[18,-18],[29,-72],[-29,-183],[-30,-55],[-16,0]],[[103714,23229],[52,-21],[98,-4],[31,-19],[11,-18],[-3,-18],[-16,-20],[-34,0],[-137,30],[-35,38],[-15,41],[27,13],[21,-22]],[[102989,23503],[5,18],[33,-9],[21,7],[42,79],[15,11],[25,-48],[0,-30],[-19,-52],[-39,-32],[-25,-6],[-34,23],[-24,39]],[[103075,23633],[3,-20],[-36,-58],[-27,-4],[-16,32],[2,35],[11,14],[37,9],[26,-8]],[[106310,25514],[11,-17],[-14,-6],[-6,17],[9,6]],[[106549,26068],[53,-25],[33,-22],[0,-8],[-29,0],[-62,39],[5,16]],[[108373,24120],[-11,41],[10,5],[13,38],[22,-34],[22,-73],[3,-20],[-13,-19],[-10,-6],[-16,17],[-20,51]],[[107719,24243],[-9,17],[6,34],[41,81],[16,51],[37,25],[20,-5],[26,-31],[3,-15],[-10,-95],[2,-87],[-23,-15],[-43,1],[-66,39]],[[108254,24410],[-19,-4],[-31,14],[-32,0],[-49,-17],[25,-8],[12,-18],[-4,-16],[-16,-13],[-55,-3],[-100,-35],[-28,5],[-15,16],[3,22],[31,22],[18,12],[25,-3],[-4,16],[35,20],[100,36],[53,47],[19,-2],[7,-14],[22,-11],[-12,32],[5,10],[24,-17],[8,-20],[-2,-53],[-20,-18]],[[108361,24439],[41,64],[25,14],[17,-1],[11,-12],[1,-21],[-21,-41],[-74,-3]],[[110357,24527],[-20,47],[8,14],[28,-41],[-16,-20]],[[108941,24583],[-12,-27],[-16,-1],[-3,25],[22,9],[9,-6]],[[109869,24660],[0,44],[26,-17],[0,-27],[-13,-8],[-13,8]],[[109383,24716],[14,65],[56,-33],[7,-16],[-15,-24],[-4,-56],[-14,-19],[-23,-7],[-23,9],[-5,20],[14,36],[-7,25]],[[107884,24540],[-5,-14],[-42,-4],[-36,26],[-8,26],[5,8],[25,2],[40,-13],[21,-31]],[[108253,24528],[-6,17],[-12,4],[9,18],[11,-2],[9,21],[24,2],[-13,-58],[-8,-9],[-14,7]],[[107710,25165],[21,7],[37,-4],[-19,-27],[7,-55],[13,-20],[17,5],[11,-6],[4,-101],[8,-13],[34,6],[24,37],[-7,68],[56,12],[23,-27],[-6,-41],[64,-16],[9,-12],[39,29],[10,23],[-6,16],[38,-9],[26,-42],[71,-25],[32,-27],[10,7],[15,-10],[44,-7],[30,-34],[-5,-31],[-51,-38],[-46,7],[-23,-18],[-53,-164],[-36,7],[-10,65],[-24,50],[9,14],[-11,22],[-20,0],[-26,-17],[-31,-46],[-9,6],[-2,-16],[35,-20],[-9,-15],[-24,-6],[-38,7],[-40,-12],[-18,23],[-17,0],[-40,34],[-56,22],[-43,30],[-41,5],[-27,-26],[-10,-29],[-28,-3],[-47,36],[-10,-15],[-24,-5],[1,39],[-37,72],[-42,13],[-29,-3],[-23,24],[-60,-19],[-63,42],[-117,33],[-45,30],[-46,1],[-48,-19],[-100,10],[-69,38],[-26,21],[-2,13],[51,33],[34,9],[17,-6],[9,16],[19,4],[65,-2],[48,-19],[48,-5],[100,12],[23,-15],[15,7],[5,14],[32,-28],[21,-6],[26,17],[56,-8],[29,6],[27,39],[-9,13],[-27,7],[-4,19],[-12,-1],[7,20],[-10,19],[13,2],[18,-23],[11,17],[27,1],[7,44],[14,-16],[20,19],[21,44],[61,15],[24,-6],[14,-29],[-8,-32],[19,-42],[13,-1],[25,-29],[27,-5]],[[107401,25292],[46,-3],[6,-25],[-23,-10],[-104,-3],[-9,8],[16,37],[-3,18],[-26,-7],[-2,-28],[-17,-8],[-29,18],[-6,19],[-18,5],[-4,-12],[-10,0],[-10,17],[5,9],[44,6],[0,21],[11,7],[68,4],[1,-9],[34,-13],[20,-45],[10,-6]],[[107702,25419],[-74,-43],[-7,-11],[5,-17],[-24,-17],[-21,12],[-33,3],[-15,20],[13,26],[1,26],[11,13],[38,-1],[7,31],[30,-40],[69,-2]],[[106732,25726],[-2,-6],[-9,0],[11,14],[0,-8]],[[107209,25724],[9,-34],[-19,-25],[-14,6],[-25,49],[23,35],[-4,33],[15,-14],[1,-30],[14,-20]],[[106699,25763],[24,23],[26,-8],[-23,-32],[-22,4],[-5,13]],[[106735,25849],[18,27],[9,-8],[-5,-36],[-17,-1],[-5,18]],[[106652,25857],[-27,-27],[-32,22],[25,10],[0,16],[30,-2],[4,-19]],[[107182,25824],[-27,7],[24,36],[-20,35],[-46,-49],[2,35],[-26,34],[-42,32],[55,-17],[68,20],[176,-98],[5,-37],[-52,32],[-72,8],[-45,-38]],[[106773,25915],[-31,-11],[-48,14],[3,8],[31,0],[9,25],[-9,16],[9,31],[52,-20],[12,-23],[31,-24],[-6,-8],[-53,-8]],[[108869,24754],[1,7],[13,-10],[-2,-24],[-7,-4],[-7,5],[2,26]],[[109382,24799],[9,-7],[-19,-27],[-19,-9],[-20,5],[-24,48],[-55,11],[-27,27],[-19,6],[-9,-15],[6,-16],[-44,-40],[-70,-51],[-23,-8],[-8,9],[23,75],[39,49],[85,33],[37,-14],[60,2],[29,-8],[49,-70]],[[110056,29412],[1,33],[21,15],[44,5],[30,19],[133,-5],[-16,-55],[-21,-14],[-25,-1],[-32,-33],[-75,5],[-60,31]],[[107025,27013],[8,-35],[26,-23],[80,33],[43,-16],[-47,-47],[-127,-33],[-70,-47],[-72,-31],[-86,-24],[-39,26],[-4,21],[13,31],[11,5],[77,4],[17,20],[14,-12],[40,7],[-3,23],[-37,19],[-18,20],[2,21],[-13,10],[17,35],[-3,13],[31,10],[22,-5],[17,13],[27,2],[13,-13],[-19,-6],[6,-15],[-9,-28],[16,-10],[4,-24],[18,21],[3,23],[16,2],[16,-14],[10,24]],[[106861,27205],[1,11],[9,-3],[26,-27],[-51,-57],[5,69],[10,7]],[[106931,27239],[2,8],[5,-24],[-3,1],[-4,15]],[[90299,29401],[-13,-12],[-8,14],[18,8],[3,-10]],[[92302,31576],[-16,-79],[-66,-56],[-28,-70],[-34,-22],[-21,-49],[-38,-4],[-28,10],[-41,85],[-12,11],[-52,9],[-34,41],[9,48],[24,14],[21,-4],[30,-25],[22,-1],[16,12],[22,58],[51,41],[22,46],[60,32],[56,-16],[37,-81]],[[94019,32028],[-6,24],[11,8],[9,-7],[0,-26],[-14,1]],[[93961,32071],[7,-24],[-23,-9],[-4,25],[19,22],[19,-4],[-18,-10]],[[103126,23646],[-25,58],[30,11],[29,-2],[66,-39],[16,-54],[-12,-16],[-16,16],[-15,-7],[8,-29],[-22,-3],[-59,65]],[[104535,31586],[-8,-11],[-18,4],[-24,-32],[-12,-4],[-52,30],[-30,-21],[-19,27],[0,37],[20,32],[25,13],[60,-43],[80,18],[-7,-32],[-15,-18]],[[104490,31702],[-26,-7],[0,-18],[-15,-22],[-31,14],[-42,-18],[-34,33],[-42,7],[-24,-9],[1,16],[-14,21],[6,51],[94,18],[77,41],[21,0],[13,-15],[1,-39],[11,-8],[5,20],[9,-1],[44,-62],[-54,-22]],[[105939,31171],[-19,-3],[-35,15],[-6,73],[26,10],[47,-56],[1,-29],[-14,-10]],[[105685,31297],[12,-46],[-38,-19],[-11,-16],[-25,48],[-4,64],[28,7],[25,-42],[11,29],[2,-25]],[[105670,31406],[-6,6],[14,14],[14,3],[12,-14],[-12,-14],[-22,5]],[[105639,31430],[11,-13],[-15,-10],[-3,29],[7,-6]],[[104628,31551],[-13,-8],[-48,4],[-30,15],[54,16],[37,-27]],[[105791,31597],[35,-2],[22,-13],[-22,-28],[-37,-14],[-7,34],[9,23]],[[104564,31718],[32,-1],[7,-20],[-18,-17],[-59,-26],[-18,-21],[-37,-6],[-8,9],[10,42],[91,40]],[[104726,31646],[-32,17],[-3,36],[33,4],[17,-19],[-2,-28],[-13,-10]],[[104885,31816],[-23,-36],[21,19],[32,6],[-19,-29],[11,0],[30,34],[33,-33],[-60,-74],[40,14],[-11,-37],[23,36],[-11,18],[52,58],[-10,-33],[39,-47],[-21,-22],[28,17],[3,12],[-21,21],[-1,13],[21,-17],[26,-1],[1,-23],[14,32],[9,-3],[-3,-17],[21,15],[4,-5],[-14,-13],[-19,-7],[-6,-20],[6,-6],[9,17],[20,-26],[13,10],[-16,28],[45,1],[-13,-89],[-44,-40],[-18,-49],[-191,0],[-36,34],[-41,100],[-34,51],[8,13],[-48,15],[-88,-7],[-71,36],[18,25],[36,-6],[-30,28],[7,35],[96,-46],[-19,-13],[86,14],[116,-3]],[[105666,31703],[-59,-3],[-31,-23],[-20,29],[20,76],[14,-1],[9,-16],[14,22],[60,-23],[63,2],[-15,-37],[-55,-26]],[[93886,32783],[5,13],[20,-15],[-18,-10],[-7,12]],[[94012,32822],[-13,0],[5,16],[11,-6],[-3,-10]],[[94018,32917],[9,-7],[-6,-7],[-19,4],[-26,-7],[-21,-21],[-6,7],[26,36],[43,-5]],[[94001,33106],[-2,19],[8,4],[28,-21],[-3,-14],[-16,4],[-9,-9],[-6,17]],[[94203,33008],[-14,5],[-7,25],[12,35],[-25,7],[-3,14],[-13,-6],[-2,27],[-20,2],[-20,-33],[-15,36],[-14,-12],[-7,20],[-13,-14],[-16,-2],[-29,18],[1,34],[-17,27],[13,60],[27,68],[20,5],[16,-12],[6,-84],[16,1],[34,32],[16,-44],[-4,-16],[51,13],[15,30],[46,1],[2,-21],[9,-9],[-26,-68],[25,-8],[-5,-33],[6,-8],[30,7],[11,34],[20,24],[4,-61],[-11,-30],[33,-18],[0,-25],[-46,-4],[-26,31],[-24,9],[-54,-67],[-2,10]],[[94324,33379],[-15,3],[8,49],[15,11],[-5,16],[53,26],[-13,-36],[6,-18],[-20,-23],[-3,-20],[-26,-8]],[[95825,35416],[-4,5],[27,22],[22,-2],[-7,-8],[3,-16],[-12,-2],[-4,-27],[-14,-11],[-51,31],[31,-1],[9,9]],[[94418,33496],[9,12],[3,-4],[-2,-11],[-10,-3],[0,6]],[[94450,33525],[-3,-6],[10,21],[3,-6],[-10,-9]],[[93597,33725],[33,19],[33,-1],[38,-55],[-46,-74],[-45,-6],[-46,19],[3,81],[30,17]],[[95732,37254],[-40,8],[-56,32],[54,-13],[42,-27]],[[105117,31815],[12,24],[33,-37],[-48,10],[3,3]],[[106068,31795],[-41,-7],[-27,-26],[-18,16],[-11,-24],[-17,-1],[-34,44],[6,24],[-33,11],[-18,33],[52,44],[130,23],[28,-8],[24,36],[-15,-51],[13,-61],[-39,-53]],[[106128,31938],[17,-35],[1,-20],[-11,-11],[-24,7],[-6,16],[6,45],[7,8],[10,-10]],[[106263,32013],[-37,-8],[-16,13],[-14,43],[-39,16],[30,-26],[2,-28],[-16,-16],[-121,-43],[-9,-12],[-84,26],[12,19],[-9,18],[-14,-6],[-3,-22],[-34,29],[4,16],[29,7],[-18,9],[27,47],[72,66],[59,14],[78,4],[-51,9],[-68,-7],[-36,-16],[-51,-55],[30,40],[36,31],[31,14],[97,5],[133,-37],[38,-21],[23,-25],[1,-18],[-13,-20],[-40,-49],[-29,-17]],[[103043,32705],[-76,-9],[39,-33],[-70,-42],[-111,-26],[-61,0],[-29,10],[-22,40],[-36,38],[-20,5],[-14,-7],[-19,-34],[-9,9],[-3,114],[7,28],[22,-59],[22,-16],[28,11],[16,30],[7,83],[18,51],[93,-21],[42,19],[81,75],[31,50],[-1,68],[18,51],[25,46],[27,22],[42,-40],[16,-66],[-6,-9],[-64,-6],[-20,-13],[-24,-60],[10,-30],[53,-58],[11,-71],[50,-72],[-29,-49],[-44,-29]],[[103346,32860],[-20,-21],[-64,-33],[-36,-94],[-80,10],[33,59],[79,48],[18,27],[10,181],[20,66],[46,6],[55,27],[2,-39],[10,-20],[36,-32],[-9,-40],[-100,-145]],[[103179,32854],[-38,-37],[-15,-2],[-28,27],[-34,101],[-53,53],[5,40],[22,19],[110,21],[24,-9],[25,12],[46,-21],[10,-134],[-27,-36],[-47,-34]],[[102921,33004],[-36,-48],[-70,-52],[-37,6],[-84,64],[-17,54],[-17,12],[3,41],[-13,18],[35,39],[16,70],[27,-7],[111,12],[32,41],[14,38],[23,13],[16,-8],[15,-50],[17,-24],[-10,-101],[8,-72],[11,-22],[-23,-25],[-21,1]],[[105854,32400],[17,-50],[28,-33],[3,-32],[-33,-72],[-16,12],[-20,114],[11,53],[-8,22],[18,-14]],[[105609,32499],[-18,-19],[-29,9],[-11,12],[56,33],[9,-20],[-7,-15]],[[105671,32642],[25,-27],[2,-18],[-9,-18],[-59,-10],[-1,59],[25,27],[17,-13]],[[105227,33785],[6,-16],[-25,-17],[-28,-34],[-22,-7],[-39,23],[2,14],[37,18],[3,20],[22,16],[44,-17]],[[102241,36934],[-52,-37],[-57,-25],[-80,-7],[-79,-30],[-95,-71],[-60,14],[-57,-10],[-45,-19],[-103,63],[-38,12],[-161,6],[-106,96],[-21,32],[-3,37],[31,51],[57,36],[71,29],[95,-7],[161,-30],[62,0],[75,41],[24,27],[54,23],[49,54],[-35,-16],[-45,5],[-31,47],[-181,64],[-24,119],[42,52],[73,37],[62,1],[151,-29],[56,11],[90,45],[31,-135],[97,-170],[44,-59],[16,-127],[-19,-56],[-49,-74]],[[102528,38902],[405,25],[78,-82],[31,-138],[-138,-207],[-217,55],[-104,86],[-39,157],[-16,104]],[[101317,40208],[34,4],[58,-43],[1,-10],[-31,13],[-49,-4],[-17,18],[4,22]],[[101349,40361],[15,-8],[26,18],[12,-21],[-14,-44],[-17,-9],[-12,14],[-54,-8],[-10,16],[9,36],[13,12],[17,-10],[15,4]],[[99094,37014],[-13,-8],[-14,29],[27,15],[15,-28],[-15,-8]],[[95980,37269],[-4,-19],[-30,-5],[-72,27],[-18,43],[-21,2],[15,13],[36,8],[3,-26],[31,-1],[38,-16],[22,-26]],[[101020,38011],[58,31],[11,-5],[-20,-52],[-25,-27],[-65,-26],[-19,-31],[-37,38],[97,72]],[[101434,39249],[6,-20],[-48,-15],[-23,-31],[-24,3],[-50,29],[-15,-8],[29,-41],[2,-17],[-22,-30],[-57,-32],[-47,7],[-26,24],[-64,33],[-14,66],[-15,12],[1,12],[-17,-9],[-41,18],[-17,19],[-2,22],[11,9],[50,-29],[34,4],[-12,29],[-17,14],[-69,8],[-11,25],[33,32],[0,36],[50,23],[75,-1],[2,-15],[-16,-21],[46,-5],[25,16],[2,41],[46,-24],[32,-5],[-1,-46],[33,-2],[22,31],[43,-31],[8,-41],[72,-57],[-14,-33]],[[99895,39556],[13,-27],[-48,-12],[-15,23],[-26,6],[4,17],[25,6],[21,-12],[26,-1]],[[100019,39649],[26,28],[57,-15],[-55,-43],[-40,0],[12,30]],[[100089,39777],[23,-9],[-5,-7],[-65,-4],[-2,16],[11,7],[38,-3]],[[100238,39766],[2,15],[20,9],[-7,8],[-60,-17],[-31,7],[3,12],[18,29],[42,5],[45,60],[74,22],[-21,-28],[18,-19],[-3,-16],[-18,-18],[-1,-11],[16,-21],[-33,-60],[-13,-9],[-27,1],[-24,31]],[[100455,39875],[-17,1],[-4,-9],[-16,5],[-7,15],[26,53],[-2,25],[25,35],[38,6],[108,45],[36,-30],[-3,-49],[-26,-31],[-44,-15],[-11,14],[-55,-15],[-27,-31],[-3,-16],[-18,-3]],[[101189,40371],[9,30],[18,18],[38,0],[34,16],[15,-8],[6,-15],[-30,-87],[-25,-42],[-23,-77],[-15,0],[-6,23],[4,62],[-59,20],[2,24],[32,36]],[[101127,40959],[28,-44],[-7,-31],[-57,-67],[-19,15],[-6,-7],[-27,-47],[5,-38],[-68,-110],[13,-68],[48,8],[17,-12],[-16,-20],[-33,-6],[-10,-13],[-34,-11],[-3,-36],[22,-24],[26,9],[51,-16],[9,28],[17,-8],[3,-23],[-24,-36],[5,-12],[18,-7],[-21,-44],[-27,-8],[-2,-19],[17,-8],[-23,-42],[-54,-48],[-32,-46],[20,-43],[-65,-35],[-34,0],[3,32],[21,45],[18,132],[0,30],[-24,-7],[-13,-16],[7,-11],[-12,-32],[-29,20],[-8,-14],[9,-29],[-7,-15],[-23,-10],[-50,-113],[-30,-18],[-18,15],[-3,20],[-31,-16],[-70,-7],[-69,15],[-56,-20],[-36,-37],[-49,-6],[-40,-19],[-73,-78],[-149,-128],[-56,-16],[-71,13],[13,-36],[-14,-28],[4,-12],[19,-5],[1,-11],[-19,-43],[-61,-83],[-31,-2],[16,82],[-66,58],[-21,-5],[-10,6],[1,13],[27,32],[7,41],[-8,15],[14,17],[-18,68],[17,23],[44,30],[13,41],[-10,15],[-20,-11],[-51,6],[-1,39],[-22,1],[-15,19],[0,39],[23,24],[31,10],[5,16],[-2,40],[-51,6],[20,109],[-7,19],[10,17],[-1,22],[29,39],[10,39],[-5,24],[18,66],[-28,52],[-17,88],[6,25],[63,42],[17,29],[33,-13],[47,45],[64,9],[13,-15],[25,10],[24,34],[42,-15],[19,6],[41,64],[-10,14],[7,11],[29,5],[12,20],[33,15],[39,91],[35,-50],[22,-11],[29,4],[32,24],[17,26],[23,8],[10,32],[44,17],[9,-18],[60,-35],[83,50],[92,17],[180,-77],[69,14],[28,-36],[11,-30],[29,-31],[1,-22]],[[99637,40620],[-13,-9],[-52,10],[-78,52],[-23,33],[11,77],[-71,30],[-17,-3],[-42,-66],[-36,-84],[13,-54],[35,-26],[52,-80],[5,-61],[-34,-6],[-112,45],[-29,-3],[-52,-55],[-1,24],[12,26],[-22,-14],[-50,-84],[-35,3],[-19,16],[-20,3],[-18,23],[-50,-20],[-46,5],[10,-36],[-21,-36],[-25,-11],[-8,18],[-61,1],[-35,-15],[-31,-48],[14,-19],[33,14],[33,34],[13,0],[12,-34],[40,-33],[-20,-19],[-32,-10],[13,-27],[-72,8],[-78,-64],[-19,29],[-23,10],[0,33],[37,56],[31,88],[-5,80],[82,146],[6,20],[-9,31],[23,29],[20,46],[42,-5],[38,16],[44,67],[27,3],[21,-13],[11,-24],[67,-15],[126,84],[93,36],[41,33],[52,76],[27,83],[47,74],[29,3],[28,-28],[20,-25],[16,-61],[21,-100],[-23,-142],[36,-104],[1,-31]],[[101229,40809],[40,3],[-17,-47],[27,-33],[-99,-38],[13,-51],[-41,-50],[-33,25],[-13,91],[26,-6],[22,85],[48,25],[27,-4]],[[19008,10383],[15,15],[0,7]],[[19023,10405],[-1,10]],[[19022,10415],[0,13],[-16,24]],[[19006,10452],[-3,4]],[[19003,10456],[-3,4],[-12,6]],[[18988,10466],[-19,9],[-2,4]],[[18967,10479],[-1,3]],[[18966,10482],[-1,5],[24,31]],[[19780,12053],[5,26]],[[19785,12079],[0,5],[-11,20]],[[19733,12295],[34,20]],[[19767,12315],[3,2],[4,7]],[[19774,12324],[11,20],[8,4]],[[19793,12348],[8,4],[1,8]],[[19802,12360],[1,2]],[[19803,12362],[0,3],[-39,53]],[[19911,12856],[-3,34],[-1,1]],[[19907,12891],[-23,22]],[[19836,12955],[6,28]],[[19842,12983],[1,2],[-13,21]],[[19830,13006],[421,1232]],[[20251,14238],[524,-172]],[[24530,12421],[756,-408]],[[25286,12013],[2,-1],[0,3]],[[25288,12015],[0,21]],[[25288,12036],[1,49]],[[25289,12085],[0,3],[2,-1]],[[25291,12087],[2,-1]],[[25293,12086],[6,-1],[22,-42]],[[25195,12425],[-7,20],[0,9]],[[25188,12454],[-1,17]],[[25187,12471],[0,4],[28,53]],[[25198,12542],[10,17]],[[25208,12559],[7,10],[30,29]],[[25245,12598],[28,25]],[[25273,12623],[8,7],[10,2]],[[25291,12632],[11,-14],[10,-37]],[[25320,12693],[-26,14]],[[25294,12707],[-21,-28]],[[25273,12679],[-24,-32]],[[25229,12659],[-1,27]],[[25228,12686],[-1,15],[6,11]],[[25233,12712],[8,17]],[[25241,12729],[7,13],[23,23]],[[25297,12771],[37,-17],[11,2]],[[25345,12756],[12,3]],[[25357,12759],[3,1],[10,14]],[[25378,12876],[-12,29]],[[25366,12905],[-3,7],[-52,42]],[[25311,12954],[-2,2],[1,5]],[[25310,12961],[0,17]],[[25310,12978],[1,4],[3,2]],[[25314,12984],[12,9]],[[25326,12993],[27,17]],[[25353,13010],[3,2],[-2,4]],[[25354,13016],[-11,21]],[[25261,13069],[-6,-16]],[[25255,13053],[-2,-6],[-7,-1]],[[25246,13046],[-16,-3]],[[25230,13043],[-4,0],[-4,2]],[[25222,13045],[-19,12]],[[25183,13194],[20,20],[6,1]],[[25209,13215],[49,4]],[[25339,13167],[99,45],[86,-14],[39,18],[2,25],[9,-17],[60,-45],[231,-103],[28,-28],[26,4],[56,-12],[50,13],[24,25],[5,67],[44,11],[19,-34],[21,-7],[-7,-11],[9,-18],[-3,-24],[20,-12],[-13,-23],[-21,3],[5,-23],[-26,-10],[26,-49],[26,-22],[27,-7],[7,-24],[46,38],[-8,-38],[30,-43],[-3,-27],[18,-16],[0,-13],[33,-2],[59,-35],[8,17],[20,4],[-4,25],[39,-18],[0,-25],[-11,0],[-1,-21],[-16,10],[-14,-19],[-1,-29],[15,-9],[2,-25],[16,-15],[2,-30],[45,-53],[12,-78],[8,-20],[22,-17],[3,-30],[50,-76],[24,-11],[22,-26],[-7,-19],[-20,-11],[-24,16],[-30,-9],[-15,-21],[-41,-24],[-19,-25],[18,-65],[45,-55],[2,-44],[40,-124],[53,-78],[20,-8],[10,14],[15,-11],[84,-195],[69,-78],[-10,-1],[11,-14],[18,4],[9,-8],[133,-190],[38,-19],[24,-26],[55,-13],[20,18],[20,-45],[50,-69],[10,2],[20,-35],[14,1],[19,-25],[2,-25],[-23,7],[-23,-21],[-7,-40],[11,-40],[100,-172],[56,-46],[3,-33],[-7,-20],[-17,18],[-63,1],[-3,-16],[-19,-3],[-14,-27],[-12,-73],[17,-52],[-15,-6],[-3,-23],[24,-78],[170,-240],[73,-79],[6,13],[16,3],[-7,-31],[7,-26],[62,-107],[-2,-18],[71,-156],[13,-58],[11,-3],[56,-109],[34,-31],[25,-9],[2,-49],[34,-51],[10,-40],[33,-44],[26,-15],[80,-139],[41,-51],[29,-81],[57,-72],[28,-74],[7,-35],[-6,-1],[1,-22],[61,-121],[4,-36],[-27,5],[-22,28],[-11,-6],[-9,-22],[-24,28],[-25,-10],[-24,-126],[10,-118],[75,-138],[79,-85],[60,-12],[18,-21],[-2,29],[14,5],[6,22],[-10,35],[6,3],[26,-18],[30,-43],[-12,-13],[9,-110],[19,-18],[8,-44],[30,-56],[96,-138],[59,-149],[0,-65],[15,-54],[106,-155],[-28,-31],[-6,-28],[12,-55],[72,-119],[102,-131],[-6,-33],[-8,-12],[-8,1],[-2,-20],[10,-51],[44,-70],[35,-27],[3,-14],[16,-14],[-31,-39],[-12,-3],[-12,-50],[20,-60],[31,-12],[-30,-30],[-15,-90],[51,-99],[75,-73],[23,-49],[15,-94],[-9,-23],[-18,13],[-30,-35],[-6,-71],[16,-64],[45,-98],[70,-106],[-9,-16],[14,-51],[-6,-6],[-22,8],[-29,25],[-46,-39],[-14,-35],[0,-103],[29,-149],[17,-11],[-5,-74],[-17,1],[-41,-40],[-20,8],[-22,-21],[-22,-6],[-63,1],[-4,61],[-38,-6],[-43,-47],[-22,-39],[-28,-20],[-7,-14],[8,-10],[-26,1],[-1,8],[-12,2],[2,8],[-25,-4],[-55,-62],[-27,-15],[-18,23],[1,18],[-25,16],[-21,-9],[-2,6],[-5,-39],[-146,15],[-26,28],[-52,-11],[-40,-21],[-29,10],[1,23],[-24,23],[-5,24],[-108,44],[0,11],[-91,31],[-35,2],[-3,6],[46,59],[13,4],[52,55],[38,2],[-7,9],[6,25],[-29,44],[-16,-12],[-95,162],[-31,30],[-42,-41],[-81,59],[-67,29],[-108,4],[-42,-17],[-112,-109],[-55,24],[-145,-16],[-128,32],[-34,17],[-116,-22],[-105,8],[-65,42],[-110,144],[-153,71],[-144,43],[-50,-12],[-67,-62],[-25,27],[-50,-45],[-9,1],[5,-20],[-29,-20],[-14,5],[3,-8],[-15,10],[8,-35],[-48,-11],[-178,60],[-78,-15],[-57,-40],[-27,-44],[-27,-21],[-59,-15],[-53,-54],[-24,-74],[-31,-31],[-37,-60],[-23,-79],[-104,-224],[-91,-165],[-48,-198],[-293,309],[-47,-51],[-127,-95],[-38,-54],[-25,-54],[-8,-64],[31,-141],[-12,-5],[-32,11],[-82,81],[-65,101],[-54,59],[-42,38],[-39,27],[-39,12],[-49,41],[2,44],[-52,113],[-4,65],[-12,36],[-61,136],[-75,309],[-46,92],[-10,69],[-82,207],[-102,190],[-89,90],[-112,77],[-12,16],[4,14],[-7,-6],[-51,13],[-24,23],[-78,36],[-17,17],[4,19],[-20,-8],[-44,21],[-52,62],[-17,-21],[-18,0],[-47,18],[-17,-6],[-16,13],[-56,-7],[-6,9],[-32,-1],[-5,10],[-152,73],[-36,23],[-6,19],[-20,-5],[-130,66],[-165,108],[-13,18],[-65,34],[-57,61],[-35,21],[-13,22],[-207,164],[-108,67],[-239,115],[-158,54],[-95,1],[-34,9],[-47,-2],[-49,-36],[-147,143],[-103,125],[-25,-13],[-30,18],[1,30],[32,30],[25,39],[6,43],[-8,70],[-54,-27],[-18,7],[-194,163],[-63,26],[-18,19],[-180,69],[-34,-3],[-120,20],[-10,20],[-8,-16],[-184,1],[-37,-18],[-38,-29],[-9,-17],[-39,-22],[-60,45],[-52,18],[-40,28],[-34,48],[-197,348],[-71,105],[-167,181],[-63,38],[-114,129],[-111,100],[-21,44],[11,55],[36,26],[57,-8],[-9,15],[-64,52],[-63,12],[-100,108],[-179,117]],[[24221,5245],[-4,83],[2,24],[12,9],[26,-9],[73,-54],[11,-27],[1,-31],[-12,-32],[-60,-51],[-27,-2],[-8,8],[-13,39],[-1,43]],[[27798,10686],[-3,-18],[13,-27],[20,-20],[16,-2],[-1,-13],[15,-26],[18,1],[9,-30],[29,-28],[-1,-27],[17,-7],[1,-16],[-24,21],[-40,13],[-38,-23],[18,48],[0,28],[-14,35],[-47,20],[-9,-10],[-9,22],[-28,16],[-24,31],[55,11],[3,21],[24,-20]],[[27341,12006],[-3,-11],[33,-26],[13,-39],[23,-17],[0,-20],[37,-53],[-22,-30],[-47,26],[-16,0],[-30,35],[-11,65],[4,53],[-17,20],[24,10],[14,-6],[-2,-7]],[[27261,12133],[10,-18],[-23,-11],[-22,25],[15,20],[20,-6],[0,-10]],[[26588,12152],[-32,-5],[-10,15],[13,35],[22,0],[46,-45],[-7,-16],[-32,16]],[[26781,13204],[7,2],[2,-7],[-11,2],[2,3]],[[28051,10329],[0,13],[12,-10],[-8,-4],[-4,1]],[[28040,10389],[4,-1],[0,-10],[-6,3],[2,8]],[[27981,10404],[-16,16],[14,7],[5,21],[20,-14],[-23,-30]],[[27954,10439],[1,-6],[-6,-2],[1,6],[4,2]],[[28786,10024],[7,-2],[-10,-9],[-2,5],[5,6]],[[28414,10439],[4,-5],[-7,-1],[0,5],[3,1]],[[28408,10471],[8,-1],[-8,-9],[-3,4],[3,6]],[[28309,10857],[-2,-4],[-2,5],[2,2],[2,-3]],[[28284,10611],[-11,-3],[-13,19],[26,-11],[-2,-5]],[[28250,10643],[5,4],[6,-1],[-7,-9],[-4,6]],[[28157,10884],[-4,5],[11,6],[14,-5],[-21,-6]],[[28136,10901],[8,5],[5,-9],[-2,-2],[-11,6]],[[28152,10949],[4,-3],[3,-6],[-7,1],[0,8]],[[28103,11169],[60,-14],[39,-29],[18,3],[2,-27],[30,-35],[12,-49],[-4,-17],[-40,7],[-8,-41],[-31,-12],[-80,24],[-25,16],[7,17],[-25,3],[-16,20],[-30,12],[-18,21],[-3,69],[-14,11],[3,23],[26,-4],[6,-13],[13,10],[17,-20],[29,28],[32,-3]],[[28265,11100],[4,-5],[-4,-5],[-6,8],[6,2]],[[28300,11105],[1,-20],[-21,12],[4,16],[16,-8]],[[28292,10861],[-9,-1],[-3,4],[15,8],[6,-11],[-9,0]],[[30483,11890],[3,22],[9,3],[3,-36],[-8,-3],[-7,14]],[[30376,12037],[65,-35],[3,-31],[-11,-49],[6,-19],[-25,-35],[-35,-25],[-48,-8],[-19,59],[-24,35],[-33,15],[-16,-17],[-7,3],[3,15],[-10,13],[8,25],[-4,23],[-17,14],[1,22],[49,50],[21,7],[-1,13],[45,-22],[26,-33],[3,-28],[20,8]],[[30146,12032],[17,14],[5,-1],[-15,-22],[-7,9]],[[30251,12141],[22,12],[14,-4],[-1,-14],[-56,-30],[-38,-4],[-15,8],[44,54],[9,-2],[8,-21],[13,1]],[[29266,12821],[24,4],[30,-24],[-13,-16],[2,-30],[9,-15],[32,1],[14,-22],[12,-38],[-26,-45],[-38,-8],[-23,14],[-28,36],[-33,11],[-4,39],[-13,21],[-20,7],[-14,62],[50,26],[37,-12],[2,-11]],[[27214,12220],[8,-20],[-12,-8],[-25,16],[-6,25],[20,3],[15,-16]],[[27346,12374],[-2,-12],[-17,22],[-3,23],[19,-12],[3,-21]],[[27307,12443],[6,-1],[-1,-8],[-3,2],[-2,7]],[[27300,12478],[1,10],[8,-17],[-6,-4],[-3,11]],[[27232,12592],[2,13],[9,-23],[-12,1],[1,9]],[[27167,12645],[-8,-12],[-25,5],[4,12],[18,5],[1,-11],[10,1]],[[26826,13150],[7,-2],[-3,-9],[-4,2],[0,9]],[[26800,13186],[6,2],[2,-6],[-7,-1],[-1,5]],[[90866,26927],[35,-29]],[[90901,26898],[11,-9],[12,-2]],[[90924,26887],[236,-41]],[[91643,27037],[43,-56]],[[92102,21890],[22,-42],[29,-114],[-9,-96],[-16,-35],[-4,-95],[-30,-47],[7,-39],[-13,-2],[-34,-43],[-3,-70],[-20,-101],[-5,-120],[-57,-163],[-41,-33],[-17,2],[-5,-43],[-49,-48],[-61,12],[-33,-4],[-65,25],[-51,-21],[-7,-23],[-66,-95],[-38,-11],[-17,8],[49,-62],[49,-43],[9,-41],[29,-43],[36,-10],[25,27],[21,2],[-6,-31],[12,-33],[33,-24],[10,-2],[22,18],[45,-21],[4,-101],[-16,-61],[10,-27],[-2,-30],[-23,-87],[-31,-61],[-23,-79],[-74,-123],[18,-56],[-31,-39],[-1,-33],[-46,-52],[-4,-31],[23,-90],[-42,-39],[-1,-14],[40,-59],[9,-70],[-61,-97],[15,-74],[-17,-114],[54,-89],[-25,-51],[11,-26],[-6,-75],[17,-80],[31,-32],[29,-77],[26,-7],[32,10],[10,-10],[5,-41],[42,-112],[5,-44],[-3,-50],[-15,-47],[1,-96],[24,-37],[15,-5],[47,-76],[-1,-26],[21,-53],[22,-1],[12,-15],[-17,-47],[34,-39],[-2,-24],[32,-34],[33,-7],[43,-60],[-35,-19],[-8,-47],[-29,-19],[-15,4],[-1,-33],[-48,-43],[-49,-28],[-17,32],[1,37],[-26,16],[-9,91],[-31,57],[-51,-24],[-11,1],[-11,19],[-63,9],[-34,-92],[8,-22],[-6,-62],[-37,-18],[-2,-23],[-17,-26],[-20,-7],[-12,-20],[4,-34],[-39,-27],[12,-22],[-15,-47],[-36,-32],[-30,-69],[4,-128],[18,-40],[1,-44],[-13,-1],[-32,-43],[-41,-11],[-7,-55],[8,-24],[-12,-39],[36,-71],[-1,-19],[-40,-28],[-15,-39],[-23,-134],[9,-50],[35,-9],[-5,-15],[10,-5],[3,-35],[10,-6],[-6,-18],[-91,-9],[1,-55],[16,-21],[-11,-26],[1,-37],[7,-38],[21,-44],[34,-28],[30,3],[48,-14],[55,-51],[49,-19],[20,-38],[-17,-13],[-9,-25],[6,-40],[-42,-17],[-12,-30],[-44,-5],[-38,14],[-16,-16],[-14,-25],[-31,-118],[-33,-15],[-25,-25],[-10,-23],[5,-23],[-22,-70],[11,-17],[0,-68],[21,-42],[-8,-80],[-89,-135],[-94,-84],[-53,14],[-50,27],[-63,8],[-73,-42],[-9,-35],[-24,-3],[-26,14],[-74,-114],[-27,-19],[-22,-31],[-76,-52],[-47,13],[-29,23],[-44,-28],[-43,10],[-77,-14],[-14,-22],[-96,1],[-11,0],[-17,28],[9,78],[-28,40],[4,62],[-29,33],[-49,10],[-13,75],[-22,13],[-6,22],[-91,55],[-10,-8],[5,-35],[-27,-37],[-5,-41],[-35,-50],[-30,-16],[-7,-41],[-55,-57],[-14,-28],[8,-21],[-2,-38],[-13,-17],[-26,0],[24,-58],[1,-30],[-70,-26],[-2,-11],[-62,-5],[-23,13],[-60,-21],[-128,-153],[-99,-14],[-17,-15],[-20,-2],[-49,-55],[-35,-61],[6,-29],[-51,-4],[2,-36],[-15,-30],[14,-61],[-7,-50],[-31,-8],[-23,-19],[-25,-72],[-50,-19],[-20,-44],[-37,-42],[-91,-30],[-60,-48],[-28,-72],[35,35],[22,-7],[-9,-9],[51,20],[45,-16],[124,-86],[26,-10],[19,-4],[23,16],[35,8],[48,-49],[39,-60],[-83,-68],[-10,-81],[17,-53],[-11,-55],[-121,-104],[-77,-49],[-25,-5],[-3,-62],[-39,-61],[19,-15],[31,-8],[24,-38],[30,13],[6,-28],[-30,-29],[-3,-14],[30,-53],[20,-93],[15,-21],[-49,-23],[-8,-22],[7,-24],[-9,-18],[-48,-49],[-26,-21],[-31,0],[-20,-52],[14,-43],[84,-40],[12,-78],[27,-21],[51,29],[61,-8],[24,63],[34,36],[30,15],[45,-1],[46,33],[15,-3],[0,-8],[43,-6],[12,-59],[37,-21],[26,-28],[1,-54],[41,-13],[23,-33],[21,0],[12,-29],[17,-10],[15,-49],[-15,-21],[-3,-19],[28,-44],[83,-48],[44,19],[-151,-338],[-34,-6],[-41,-56],[-36,39],[-54,14],[-84,3],[-43,-17],[-75,8],[-13,-6],[-54,-49],[-29,-60],[-32,-22],[-41,15],[-16,-67],[-46,-24],[-13,-54],[-27,-35],[10,-106],[-36,-23],[-110,25],[-34,-9],[-27,13],[-62,-15],[-10,-65],[23,-44],[-25,-6],[-21,33],[-17,-7],[-20,6],[-9,-52],[-35,-18],[-13,-73],[-33,-12],[-47,2],[-30,-32],[0,-22],[-25,-35],[-27,-26],[-21,3],[-86,78],[-7,27],[-45,14],[-1,-12],[-36,-3],[1,-40],[-34,-42],[-1,-66],[-35,-93],[17,-84],[89,-80],[8,-17],[-9,-29],[-61,-57],[-43,13],[-54,-10],[-23,-44],[-13,-4],[-73,-78],[-38,-24],[-24,7],[-21,28],[9,98],[-12,-12],[-9,-54],[-53,-23],[-51,4],[-43,15],[-123,-30],[-19,10],[-20,-14],[-14,18],[-57,20],[-73,10],[-19,-7],[-32,-64],[-30,-23],[-13,-23],[27,-30],[0,-23],[-68,-86],[-7,-122],[-54,-51],[0,-21],[25,-54],[-13,-211],[12,-86],[145,-180],[-4,-26],[-78,-54],[-9,-29],[-17,-4],[58,-35],[22,-49],[6,-40],[-72,-19],[6,-74],[76,-145],[227,123],[91,-11],[99,-34],[8,-39],[-45,-82],[-60,-184],[-51,-40],[-51,-89],[2,-97],[106,-116],[43,-53],[11,-28],[-84,-77],[-65,-38],[-133,-6],[-80,-87],[-51,-37],[-39,-115],[-54,-31],[-85,11],[-109,77],[-107,-16],[-76,-27],[32,-79],[2,-46],[-10,-25],[-186,-137],[100,-94],[24,-131],[-12,-84],[36,-131],[2,-101],[-29,-67],[14,-119],[-96,-236],[-59,-99],[-77,-100],[-168,-181],[-170,-16],[-7,-129],[-43,-113],[7,-65],[37,-30],[23,-56],[-38,-63],[-11,-56],[-32,-52],[-38,-32],[-20,-94],[-39,-108],[-58,-36],[-15,-44],[-32,-13],[-27,33],[-29,-5],[-19,14],[-74,8],[-21,18],[-39,12],[-92,120],[-58,5],[-36,16],[-19,22],[-95,32],[-41,49],[-36,17],[-18,-9],[-47,46],[-100,57],[-35,45],[-43,11],[-9,30],[-27,34],[-33,-13],[-56,-2],[-38,-22],[23,-16],[-12,-27],[-1,-38],[-39,-58],[-62,-2],[-22,-25],[-55,7],[-24,-14],[-67,-3],[-37,-23],[1,-15],[-37,-26],[-29,-2],[-15,-17],[-10,4],[-47,-15],[-37,-77],[-169,-48],[-24,9],[-29,-6],[-60,19],[-35,-35],[-15,11],[-12,-16],[-2,-51],[-78,-76],[-2,-48],[-10,-10],[-8,8],[1,-12],[-50,-26],[-32,-6],[-17,45],[0,22],[-38,9],[-19,19],[-4,17],[-33,5],[-82,61],[-44,15],[-18,-3],[-18,58],[-31,12],[-8,48],[-35,28],[-39,-2],[-10,-15],[-72,0],[-30,-51],[-55,7],[-23,41],[-30,22],[-57,-19],[-41,12],[-50,-14],[-32,-22],[-10,9],[-18,-19],[-37,2],[-22,-30],[-17,-7],[-28,-1],[-9,15],[-36,-19],[-30,14],[-47,-25],[-27,-1],[-20,10],[-71,-40],[-68,27],[-50,6],[-31,-20],[-14,-24],[-14,9],[-30,-1],[-45,-19],[3,-15],[-27,-6],[-13,-17],[-43,-98],[-33,-6],[-32,-29],[-38,-3],[-28,23],[-60,-56],[-46,-13],[-38,1],[-41,-42],[-18,-39],[-46,-13],[-91,10],[-19,-37],[-37,-17],[-21,2],[-50,-31],[-29,-6],[-45,-44],[52,-61],[32,-15],[-11,-63],[2,-58],[-22,-21],[-5,-34],[-30,-15],[-10,-44],[-67,-41],[-3,-25],[-19,-22],[-58,-12],[-151,-74],[-40,-50],[-39,6],[-64,-19],[-31,-21],[-32,2],[-30,-10],[-21,-23],[-90,15],[-4,-65],[-68,-95],[-66,-42],[-29,-3],[-30,-52],[10,-22],[-7,-17],[-30,-1],[-30,27],[-71,-2],[-62,-17],[-43,56],[-21,4],[8,30],[40,35],[-10,65],[-28,16],[-20,-4],[-52,28],[-63,-9],[5,34],[-9,94],[-24,35],[-1,29],[-29,20],[-12,36],[-3,55],[-52,-8],[-41,19],[-38,-3],[-13,27],[-38,31],[-68,20],[-65,-16],[-66,-33],[-28,14],[-34,-3],[-18,12],[-37,-41],[-36,-23],[-19,9],[-25,-23],[-66,-5],[-43,-46],[-22,-35],[-5,-25],[-67,-14],[-117,9],[-6,31],[-49,47],[-6,35],[-44,26],[-1,22],[-20,32],[-88,11],[-17,-8],[5,12],[-22,14],[-42,10],[4,54],[-28,14],[4,62],[-20,17],[-25,49],[-31,-3],[-54,38],[-34,4],[-28,20],[-21,48],[-54,-3],[-43,-23],[-136,60],[-21,-9],[-30,2],[-29,35],[-49,13],[-26,-33],[-42,-1],[-49,62],[-41,8],[-58,-28],[-16,-48],[-50,3],[-43,-15],[-34,12],[-57,-26],[-29,5],[-88,67],[-51,12],[-69,-11],[-17,35],[-36,31],[-9,76],[-32,10],[-24,40],[7,33],[-15,28],[-50,17],[-33,62],[-46,-11],[-36,-35],[6,-19],[-39,-36],[-62,18],[-95,-60],[-71,17],[-54,-59],[-55,-37],[-48,-14],[-42,15],[-120,0],[-64,15],[17,78],[-11,86],[26,12],[15,63],[109,36],[124,72],[80,27],[-4,49],[-41,56],[12,20],[89,35],[-19,14],[-9,73],[37,28],[19,38],[21,-1],[32,28],[30,-9],[-12,68],[-23,15],[-12,23],[13,33],[-29,35],[-31,-10],[-36,25],[-31,4],[-44,29],[-18,-7],[-22,16],[-24,-4],[-18,12],[-38,6],[-35,-7],[-27,22],[-6,29],[-53,6],[-32,-91],[-54,-3],[-43,31],[-25,-4],[-25,17],[-6,22],[-25,-1],[-14,-36],[-37,13],[-1,-19],[-56,4],[-49,21],[-29,55],[-21,14],[-43,5],[-49,40],[-11,0],[-29,-32],[-37,7],[-21,-10],[-28,-61],[-20,-24],[-22,-7],[-7,-45],[-29,-14],[-35,0],[-27,-34],[8,-17],[-22,-10],[-8,-52],[-28,-11],[-16,8],[-14,28],[-36,18],[-19,-14],[-13,-27],[-59,-2],[-28,27],[-45,21],[-17,43],[-60,19],[-45,48],[-68,12],[-61,33],[-120,-43],[-91,48],[-189,-59],[-18,-24],[-29,-7],[-31,16],[-73,11],[-45,26],[-23,26],[-43,16],[-28,-7],[-48,-35],[-27,-8],[-68,10],[-67,32],[-97,-4],[-51,9],[-63,-7],[-62,13],[-60,-22],[-85,-16],[-145,57],[-64,-3],[-46,-47],[-37,-14],[-55,-56],[-96,-58],[-20,-38],[-13,-60],[-43,-42],[-68,-17],[-92,-40],[-50,26],[-56,-66],[-64,7],[-37,-20],[-29,-31],[-119,-15],[-73,16],[-36,-5],[-31,-50],[-57,-44],[-59,-27],[-35,-49],[-46,-40],[-84,-24],[-47,-34],[-132,-12],[-22,-29],[-61,-14],[-40,-53],[12,-30],[2,-53],[-29,-53],[-5,-39],[18,-9],[51,1],[48,-57],[26,15],[23,-2],[-2,-95],[-13,-41],[-36,-43],[11,-36],[-3,-34],[-58,-33],[20,-44],[-6,-32],[-60,-89],[-101,-62],[-22,-35],[1,-80],[-35,-51],[-8,-26],[18,-131],[-29,-35],[-32,-18],[-4,-12],[3,-68],[28,-100],[-21,-38],[-7,-56],[-31,-64],[-72,-47],[27,-54],[26,-26],[10,-22],[-1,-23],[-19,-33],[17,-44],[-7,-52],[-45,2],[-26,-19],[-43,-12],[-49,3],[-181,-19],[-128,1],[-222,-47],[-45,1],[-36,17],[-173,-45],[-156,0],[-42,-39],[-67,8],[-10,-15],[2,-72],[-30,-35],[-9,-41],[-91,-22],[-10,-16],[5,-32],[-13,-33],[-79,-1],[-21,-18],[-31,-6],[-20,-21],[4,-45],[-49,-59],[-5,-19],[-2,-38],[10,-33],[-6,-23],[-11,-20],[-30,-20],[0,-14],[25,-12],[-7,-20],[-22,-18],[-31,1],[2,-18],[-38,-40],[-56,-12],[-28,-22],[-26,-5],[-31,-40],[-62,-7],[-20,52],[-76,30],[-56,-22],[-70,19],[-25,39],[-11,56],[-30,26],[-43,-17],[-45,-47],[-167,-15],[-26,20],[-15,30],[21,46],[-103,24],[-38,-4],[-110,99],[-20,4],[-18,-21],[-43,-20],[-83,-25],[-10,-10],[2,-36],[-9,-9],[-86,-9],[-40,-37],[-119,-48],[-12,-23],[-8,-58],[-25,-50],[-41,-47],[-27,3],[-32,37],[-24,11],[-19,-1],[-43,-25],[-10,-16],[12,-41],[1,-78],[-36,-42],[-26,-3],[-48,38],[-39,11],[-8,11],[-32,110],[-23,160],[-46,86],[-54,52],[-53,35],[-122,10],[-60,-84],[-43,-34],[-122,-35],[-62,-1],[-168,48],[-70,53],[-75,11],[-107,84],[-138,20],[-61,35],[-46,9],[-76,43],[-11,21],[-35,22],[-99,-36],[-43,90],[-67,48],[-35,-11],[-116,-82],[-117,-51],[-100,-5],[-151,-49],[-113,6],[-206,-9],[-153,-36],[-77,-25],[-47,-26],[-34,4],[-30,-11],[-90,-6],[-20,-15],[-11,-32],[-98,-6],[-74,10],[-62,-16],[-112,-5],[-66,23],[-97,-13],[-35,-83],[-41,-39],[7,-83],[-21,-64],[-19,-24],[-48,-30],[-29,-52],[-36,-2],[-29,-57],[-31,-38],[-89,14],[-62,-23],[-74,5],[-42,-34],[-10,1],[-7,13],[-18,1],[-23,-37],[-1,-23],[70,-148],[-13,-48],[-32,-30],[-23,-5],[-39,41],[-65,30],[-24,28],[-20,62],[-25,27],[-18,2],[-22,-12],[-36,-52],[18,-40],[0,-22],[-12,-19],[-33,-16],[-12,-47],[-25,-1],[-14,35],[-64,36],[-43,1],[-61,-14],[-23,-51],[-47,-41],[-25,-42],[0,-72],[-23,-28],[-24,4],[-17,24],[-33,-1],[-20,47],[-59,-20],[-43,2],[-40,106],[7,38],[-6,11],[-76,-50],[-6,-77],[-39,-52],[-81,-16],[-60,8],[-39,-51],[-57,-3],[-49,-20],[-56,40],[-82,-2],[-34,38],[-16,7],[-111,11],[-71,26],[-89,7],[-55,43],[-27,44],[-56,14],[-26,60],[-99,38],[-20,22],[-25,59],[-23,25],[42,57],[-9,32],[-127,53],[-35,-4],[-18,12],[17,71],[-19,40],[-6,77],[-52,67],[-42,-12],[-63,8],[-27,-40],[-32,-26],[-37,21],[-43,1],[-26,20],[-15,26],[12,77],[-33,16],[4,-40],[-42,12],[-10,-52],[-19,-17],[-40,46],[-22,8],[-23,-13],[-2,24],[-13,7],[-13,-47],[-17,-14],[-41,8],[-47,-16],[-34,7],[-8,24],[27,106],[-25,47],[-7,38],[41,42],[2,35],[-30,34],[-46,6],[-17,-11],[-20,20],[-16,44],[31,27],[-15,14],[-7,34],[-55,24],[-29,48],[1,65],[-9,33],[10,28],[-40,57],[-60,16],[-34,-30],[-30,-2],[-56,28],[-15,109],[33,18],[3,48],[-32,49],[-4,47],[-39,26],[-7,24],[-18,15],[-13,44],[-46,0],[-41,17],[-79,72],[-34,11],[-17,-6],[-50,9],[-81,-32],[-48,-7],[-51,23],[-64,-2],[-11,8],[-13,35],[-22,12],[-29,55],[-89,-40],[-23,0],[-28,61],[7,18],[40,35],[-4,109],[-17,26],[6,15],[-27,39],[27,22],[-23,6],[-7,17],[-22,13],[-36,-30],[-16,0],[-3,33],[-14,20],[-125,64],[-35,49],[-39,10],[-29,31],[-53,-15],[-69,24],[-89,429],[2,14],[20,20],[5,34],[16,24],[-40,57],[-9,46],[-96,32],[-82,96],[-103,-15],[-85,-46],[-52,20],[-135,-3],[-76,48],[-32,-23],[-30,5],[-14,39],[2,90],[-12,76],[8,42],[19,37],[9,68],[17,26],[-23,3],[-15,-19],[-31,-5],[-27,-66],[-22,-8],[-19,-51],[-19,1],[-48,35],[-26,26],[-10,24],[-2,47],[30,11],[5,11],[-8,28],[-33,49],[-72,18],[-31,68],[-57,53],[-54,27],[-75,104],[-51,41],[-33,48],[-27,1],[-80,131],[-34,4],[-26,20],[-15,49],[-47,84],[-89,17],[-42,44],[-20,96],[38,61],[4,30],[-3,38],[-30,84],[21,55],[-12,52],[27,32],[15,44],[-19,118],[15,53],[71,158],[7,131],[-128,83],[-15,5],[-82,-13],[-63,42],[-31,-16],[-20,18],[-55,-41],[-78,14],[-3,-12],[-46,-17],[-23,-1],[-13,10],[-16,52],[48,63],[-29,119],[-11,22],[-20,14],[-81,21],[-58,59],[-1,29],[30,69],[-28,30],[-14,31],[-17,48],[-8,68],[-34,86],[4,51],[88,21],[24,28],[17,38],[-11,71],[-52,10],[-10,27],[26,24],[-4,46],[55,-4],[41,44],[103,22],[39,-1],[7,-32],[23,10],[22,28],[36,17],[37,1],[2,12],[8,-3],[8,43],[21,-5],[-4,37],[22,45],[-4,57],[47,81],[-41,42],[-3,66],[49,111],[8,39],[19,20],[4,40],[17,-11],[5,-32],[-15,-144],[8,-19],[53,-44],[-18,-10],[-5,-13],[7,-17],[-7,-10],[15,-35],[-15,-13],[-2,-27],[-36,-42],[39,-79],[62,-42],[15,-32],[-6,-6],[-32,22],[-18,2],[-35,-33],[1,-64],[7,-16],[-11,-7],[6,-20],[-11,-6],[13,-36],[-29,-40],[39,-57],[7,-24],[-5,-9],[-23,3],[-6,-14],[2,-38],[22,-50],[-16,-23],[14,-37],[25,-30],[-5,-21],[15,-7],[-2,13],[100,-80],[0,-16],[-16,-6],[62,-44],[-2,-15],[-20,-20],[9,-41],[-10,-17],[132,-104],[2,-10],[-12,6],[11,-11],[26,1],[106,-51],[18,3],[74,-22],[149,-59],[33,-31],[18,3],[39,-26],[-13,-18],[28,-2],[114,-55],[177,-64],[33,1],[10,-9],[11,6],[7,-20],[-14,1],[-6,-20],[-20,7],[19,-59],[34,-29],[20,1],[52,-20],[51,-64],[1,-8],[-28,-21],[2,-21],[-14,-14],[-8,-33],[6,-22],[80,-70],[117,-36],[91,-57],[41,-111],[84,11],[24,62],[19,14],[63,1],[41,-25],[7,-14],[-4,-34],[23,-31],[-14,-51],[5,-8],[67,64],[34,55],[64,21],[176,9],[155,-12],[29,-14],[6,17],[67,23],[14,-2],[29,-33],[-1,20],[11,5],[95,-12],[81,5],[59,-18],[3,-9],[-15,-38],[-8,-114],[27,-14],[11,10],[-20,11],[2,15],[32,148],[27,24],[227,31],[63,-4],[21,-34],[-1,-79],[16,10],[40,64],[22,20],[265,52],[38,-10],[23,-28],[27,26],[40,-4],[8,-62],[-26,-23],[-37,-66],[4,-28],[28,-9],[43,23],[32,51],[65,32],[6,21],[7,-5],[13,18],[-1,20],[35,33],[3,45],[-26,-2],[-5,22],[11,36],[-12,11],[0,25],[-6,-3],[-30,18],[8,8],[-22,-6],[-8,15],[21,26],[-6,25],[56,32],[-13,12],[22,2],[18,34],[-2,23],[-13,3],[-6,24],[12,19],[4,38],[20,18],[11,34],[11,7],[-8,37],[14,42],[38,28],[38,-15],[22,-29],[-23,-50],[-25,-11],[-4,-24],[10,-33],[17,-8],[14,-24],[7,-51],[6,9],[21,-20],[0,-16],[22,-8],[-9,-42],[23,-94],[-16,-26],[21,-34],[-26,-21],[-1,-21],[21,-34],[84,-44],[9,-28],[-5,-94],[9,0],[9,28],[60,27],[26,0],[47,-22],[26,1],[8,-10],[26,4],[49,-33],[5,-23],[34,-20],[26,-3],[6,6],[-26,24],[6,53],[11,21],[20,3],[9,30],[20,15],[12,55],[-12,29],[19,-1],[29,21],[-31,31],[7,3],[0,28],[20,-2],[5,13],[20,-12],[-2,19],[15,5],[4,-21],[21,-9],[12,43],[-7,14],[15,-1],[20,-36],[2,16],[20,-19],[11,1],[8,-20],[-6,6],[1,-12],[-7,1],[5,-17],[22,1],[16,-21],[6,10],[62,10],[22,-13],[2,42],[43,7],[-11,47],[-22,18],[16,2],[-19,22],[16,4],[0,-18],[9,-2],[8,15],[-7,10],[30,15],[7,-19],[36,-23],[-11,-23],[35,-17],[-9,-7],[15,-19],[-13,-4],[-3,-13],[25,-5],[6,7],[-2,-16],[20,-12],[-43,-13],[4,-8],[-44,-9],[-71,-70],[-10,-68],[-19,-38],[5,-14],[-28,-19],[10,-56],[10,-6],[-9,-9],[11,-11],[-65,-7],[-14,-67],[14,-35],[53,3],[24,-9],[-15,-19],[-24,-8],[5,-27],[80,-3],[33,-35],[16,3],[18,-15],[28,-63],[28,-151],[72,15],[4,68],[370,14],[92,-27],[114,-67],[74,-58],[65,-89],[51,-31],[30,-10],[122,-10],[107,-29],[130,-15],[16,-38],[37,9],[16,25],[14,60],[44,22],[6,19],[38,30],[27,6],[195,-60],[17,-30],[51,-36],[96,-35],[76,-52],[23,-37],[61,-29],[48,-6],[33,-21],[32,7],[65,-18],[121,-13],[91,-52],[159,61],[81,58],[29,56],[-32,153],[78,212],[6,71],[38,159],[46,62],[8,28],[92,102],[42,18],[32,-1],[22,-11],[68,257],[96,203],[16,61],[69,79],[14,119],[-13,60],[7,67],[182,419],[53,99],[27,31],[105,223],[8,27],[2,196],[13,63],[46,91],[10,63],[38,53],[8,71],[100,290],[18,15],[47,-81],[51,-48],[130,-58],[-20,48],[-112,66],[-36,46],[14,35],[36,35],[-4,29],[18,46],[29,7],[-14,31],[51,66],[81,-16],[80,-31],[61,-46],[33,-39],[117,-58],[54,-13],[95,34],[35,-7],[-3,23],[33,64],[10,90],[18,7],[-9,13],[-2,68],[12,33],[36,0],[75,-60],[22,22],[-31,62],[-27,28],[8,36],[-141,-47],[-43,-58],[-11,-39],[6,-95],[-6,-37],[-21,-22],[-24,-6],[-45,22],[-50,48],[-95,63],[-104,16],[-123,45],[-71,10],[-64,-29],[-58,13],[-57,-22],[-6,17],[-36,-36],[-96,-25],[-56,27],[-39,66],[-14,2],[-80,74],[-3,25],[0,70],[10,46],[134,232],[-24,68],[2,111],[56,240],[-36,328],[85,250],[266,260],[83,40],[53,-57],[117,-79],[0,0],[89,488],[-97,767],[-12,271],[10,248],[24,154],[47,98],[54,101],[96,107],[68,27],[78,-43],[176,-170],[163,-13],[-8,-350],[-9,-54],[18,-19],[143,26],[127,38],[69,45],[69,75],[14,52],[53,46],[127,40],[391,226],[122,89],[119,156],[7,24],[-14,55],[8,8],[57,-6],[22,-43],[342,57],[137,35],[121,14],[214,44],[74,-4],[29,10],[109,4],[122,28],[70,-1],[22,-9],[34,-39],[30,24],[172,12],[215,45],[93,9],[259,72],[34,16],[431,95],[416,106],[525,172],[272,64],[381,73],[385,101],[153,30],[393,142],[74,13],[37,-3],[24,-30],[10,-60],[11,-2],[17,19],[0,109],[67,37],[101,14],[113,30],[64,28],[25,0],[215,114],[114,16],[331,112],[134,12],[322,62],[89,34],[28,0],[66,37],[104,16],[126,34],[202,90],[122,71],[177,174],[35,51],[5,28],[75,68],[-16,44],[165,179],[29,51],[7,31],[-40,10],[-16,-7],[-4,23],[11,9],[46,-6],[-1,44],[-48,-5],[-3,-15],[-2,27],[-19,8],[-17,0],[0,-12],[-8,-7],[6,19],[-19,2],[-26,-25],[5,12],[61,49],[3,29],[198,130],[244,220],[8,29],[55,39],[-15,6],[-4,30],[31,58],[24,17],[5,61],[17,14],[-4,22],[26,11],[-13,23],[3,16],[35,28],[8,29],[43,30],[47,60],[52,44],[36,8],[12,36],[22,7],[64,51],[79,82],[167,140],[59,68],[49,94],[54,74],[14,4],[-13,30],[0,31],[-17,12],[-29,46],[15,24],[8,37],[36,26],[16,42],[46,25],[56,51],[21,40],[24,18],[18,50],[14,6],[19,-10],[76,69],[52,84],[42,44],[7,30],[-11,14],[9,31],[78,77],[91,174],[41,40],[50,72],[39,99],[22,-9],[15,71],[-29,35],[-2,20],[74,129],[192,152],[337,218],[185,145],[543,484],[115,109],[139,162],[-38,-56],[-7,-18],[6,1],[56,82],[-3,29],[58,63],[32,16],[1,15],[217,242],[86,121],[10,20],[0,22],[91,152],[12,57],[82,140],[248,290],[224,299],[111,164],[14,7],[-1,13],[150,254],[81,198],[19,62],[10,75],[-18,29],[-26,2],[-17,23],[4,20],[16,9],[44,84],[2,23],[-23,4],[6,23],[16,14],[17,2],[18,33],[-13,34],[52,13],[50,165],[20,118],[2,117],[-11,123],[-21,33],[-54,180],[-13,87],[-57,163],[-36,70],[4,13],[37,32],[17,1],[-17,60],[192,-44],[388,-20],[-2,-34],[128,-8],[22,-28],[314,-43],[67,-58],[115,-186],[70,33],[78,-34],[162,-136],[81,-125],[225,-442],[13,-307],[53,-25],[74,-66],[8,-30],[-34,-110],[-41,-327],[42,-41],[132,13],[94,-20],[37,48],[62,7],[77,-23],[32,12],[34,-35],[60,-22],[27,28],[20,49],[15,7],[24,47],[21,-13],[5,22],[11,11],[53,1],[13,-53],[14,-13],[5,-21],[1,-56],[-21,-61],[43,-83],[-7,-60],[26,-42],[4,-27],[43,-59],[66,-193],[40,-51],[31,-71],[19,-18],[15,1],[75,23],[95,-100],[51,-15],[29,-70],[-22,-69],[32,-4],[8,-25],[22,-26],[-15,-56],[7,-20],[64,-19],[14,-12],[60,-77],[27,-83],[31,-17],[59,4],[77,-16],[69,-80],[8,-18],[-18,-67],[-83,-73],[9,-14],[88,2],[61,17],[57,2],[206,95],[66,40],[123,98],[205,293],[96,97],[19,47],[86,39],[-1,41],[43,42],[9,35],[28,22],[8,52],[-11,18],[-12,3],[-56,-20],[-9,13],[6,25],[22,30],[13,56],[26,33],[4,30],[145,184],[4,31],[22,25],[82,182],[34,54],[-5,51],[-42,-12],[-72,-91],[-45,-6],[-53,-54],[-25,13],[0,26],[148,215],[77,139],[81,117],[39,129],[22,152],[-14,65],[25,44],[6,112],[-23,31],[-89,-28],[-37,9],[-54,-12],[-66,32],[-23,16],[-12,22],[-57,307],[6,361],[-14,165],[7,65],[-10,66],[-27,7],[-15,27],[3,88],[-11,40],[2,45],[-45,43],[-4,147],[19,97],[-25,14],[-34,-26],[-10,22],[-16,9],[-8,51],[-13,11],[-23,-4],[-9,27],[3,38],[18,1],[14,16],[4,41],[-1,35],[-43,30],[8,47],[5,8],[22,-12],[24,13],[8,26],[12,8],[177,38],[36,18],[95,218],[28,45],[56,42],[62,22],[133,82],[80,-18],[43,-21],[85,28],[58,-12],[86,-3],[60,-23],[94,186],[-26,45],[4,21],[48,30],[-28,89],[58,67],[127,90],[50,-8],[4,-66],[13,-30],[23,-18],[50,2],[59,33],[28,36],[23,2],[18,-40],[-5,-54],[-41,-58],[-66,-52],[-64,-111],[-25,-102],[1,-81],[16,-48],[42,-20],[42,7],[18,-18],[-1,-26],[-62,-54],[-54,-32],[-13,-25],[9,-45],[-5,-49],[-55,-21],[11,-21],[28,19],[13,-13],[-3,-9],[-30,-7],[7,-29],[-9,-23],[46,-25],[-2,39],[24,-25],[34,-13],[-18,-25],[-39,-23],[51,-33],[-4,-19],[-29,9],[-20,-16],[4,-9],[27,4],[0,-9],[-20,-4],[24,-26],[-20,-3],[-15,15],[-20,-45],[4,-10],[13,4],[41,-28],[-2,-12],[-32,8],[19,-50],[21,-9],[3,-27],[12,-14],[-12,-28],[32,-26],[-43,-4],[11,-19],[-13,-26],[29,-10],[-15,-13],[1,-14],[36,13],[-4,-27],[22,-1],[-6,-24],[-31,-5],[-1,-13],[16,1],[-1,-19],[-23,4],[1,-11],[-13,-19],[4,-9],[-13,-10],[14,-25],[20,-7],[-13,-9],[4,-18],[-14,-20],[31,-16],[-9,-20],[14,-6],[0,-16],[9,7],[-1,-11],[12,-8],[-3,-14],[21,-29],[-4,-16],[12,4],[1,-27],[19,9],[17,-13],[10,-75],[38,-23],[-10,-21],[-15,-7],[17,-2],[16,-41],[14,-4],[-15,-35],[4,-14],[-15,4],[-3,-7],[19,-12],[8,-31],[-6,-22],[14,-6],[7,12],[1,-20],[20,-9],[-1,-16],[24,-36],[-10,-58],[-12,1],[-5,-18],[11,-43],[-14,-17],[8,-9],[-8,-12],[16,8],[24,-31],[13,3],[-4,-18],[19,-23],[-15,-20],[31,-3],[-20,-69],[10,-13],[-15,-13],[16,3],[7,-16],[9,9],[3,-32],[11,2],[-12,-15],[1,-48],[10,-6],[-10,-9],[3,-20],[-22,5],[5,-46],[-10,9],[12,-25],[-12,-3],[3,-15],[19,-5],[9,-14],[-36,4],[-4,-27],[12,-7],[1,-13],[9,8],[12,-31],[14,-1],[-1,-28],[13,1],[17,-49],[-20,-40],[7,-11],[-47,-59],[4,-21],[-16,3],[-5,-20],[9,-21],[59,-16],[8,-22],[20,-6],[11,-30],[-18,3],[-3,-7],[12,-9],[36,5],[25,-11],[-11,12],[104,13],[9,11],[47,14],[-2,23],[8,10],[43,-7],[21,-41],[80,-37],[22,-2],[47,14],[167,-46],[123,15],[83,-208],[79,35],[149,2],[4,-48],[-9,-25],[97,-106],[65,-65],[51,21],[27,21],[2,12],[33,19],[8,30],[37,24],[14,32],[15,3],[-3,19],[22,20],[3,24],[-158,293],[-137,74],[-178,282],[-14,74],[27,193],[-69,178],[-14,148],[41,133],[111,250],[1,43],[-30,40],[9,70],[-29,13],[3,11],[-12,19],[-52,31],[-26,30],[-29,3],[-28,-9],[10,33],[27,26],[21,48],[20,96],[-57,45],[-46,6],[-10,21],[-30,24],[62,76],[30,83],[-13,6],[-4,25],[-39,17],[-11,23],[-30,2],[5,21],[-20,46],[-59,29],[31,151],[-5,23],[16,21],[10,82],[-272,233],[-10,35],[-16,18],[3,16],[-24,32],[19,12],[11,27],[-5,11],[-46,11],[-26,-13],[-15,39],[-14,6],[-53,-26],[-41,24],[3,26],[18,16],[-5,29],[16,10],[18,-7],[4,9],[-5,47],[-21,30],[7,34],[-8,38],[63,22],[78,56],[41,-8],[1,12],[30,13],[17,73],[-18,59],[-24,43],[3,15],[38,30],[16,-5],[17,-23],[2,13],[15,7],[22,-15],[44,4],[12,-12],[13,33],[11,4],[66,-89],[4,-26],[16,-18],[-9,-53],[17,-36],[11,2],[-1,-27],[13,9],[-8,-24],[19,-46],[44,21],[64,-16],[31,-26],[28,17],[61,-8],[24,-18],[-6,-33],[27,12],[12,18],[72,-67],[-6,-14],[47,-13],[21,-16],[77,17],[32,-6],[62,18],[6,9],[14,-4],[67,28],[14,15],[26,-1],[21,26],[9,-6],[3,19],[17,-6],[4,20],[24,15],[-11,8],[1,12],[13,32],[22,8],[3,33],[-2,14],[-31,16],[-6,34],[36,23],[12,-32],[37,5],[-1,16],[27,53],[19,5],[-1,94],[57,47],[32,-13],[57,24],[15,-2],[-12,-25]],[[61220,7703],[-4,-21],[-6,17],[-16,8],[3,14],[36,8],[-13,-26]],[[59428,8652],[8,15],[-6,10],[7,9],[7,-8],[-2,-21],[-10,-14],[-4,9]],[[59477,8767],[-9,17],[5,23],[30,24],[-13,-53],[-13,-11]],[[103422,22145],[0,0],[191,-37],[252,0],[382,0],[302,-3],[28,-70],[34,-267],[92,-238],[-185,-138],[-79,-28],[-81,-3],[-188,52],[-108,169],[-313,190],[-129,188],[-198,185]],[[102665,22122],[0,0],[-64,-46],[-151,-145],[-54,-31],[-60,7],[-747,275],[5,-26],[18,-65],[12,-31],[42,-40],[51,-17],[44,-24],[19,-63],[-24,-27],[-38,-64],[-2,-63],[80,-30],[116,-8],[108,-27],[87,-48],[51,-75],[-41,-86],[0,-56],[60,-24],[55,21],[59,41],[60,24],[54,-27],[519,-548],[78,-59],[186,-42],[94,-46],[60,-65],[-4,-74],[-88,-66],[-121,-16],[-126,31],[-207,153],[-115,42],[-258,19],[0,-41],[159,-14],[151,-75],[135,-106],[108,-107],[75,-34],[87,13],[88,29],[74,13],[45,-20],[162,-108],[34,-58],[289,-307],[26,-71],[5,-49],[-34,-29],[-90,-10],[-323,37],[70,-90],[107,-68],[239,-85],[225,-46],[63,-50],[-17,-107],[-50,-52],[-162,-96],[-59,-58],[-90,-150],[-69,-40],[-543,-54],[-122,25],[-227,112],[-107,25],[-120,53],[-72,123],[-53,143],[-87,161],[-17,64],[-10,131],[-24,41],[-57,39],[-112,60],[62,-125],[14,-37],[52,-344],[44,-86],[75,-106],[56,-146],[4,-147],[-80,-108],[-85,6],[-241,125],[-111,32],[-713,-9],[-459,84],[-715,-9],[-193,-83],[-139,-223],[130,83],[161,49],[173,24],[305,3],[166,-29],[96,-79],[-62,-154],[-30,-131],[57,-155],[96,-141],[85,-86],[56,-27],[209,-54],[76,-45],[42,-49],[74,-150],[109,63],[163,12],[169,-24],[126,-51],[45,-10],[35,8],[25,-5],[9,-52],[0,-163],[-9,-80],[-26,-72],[-42,-52],[-55,-19],[-56,-29],[-49,-63],[-65,-115],[-38,-37],[-51,-41],[-45,-47],[-18,-56],[-18,-243],[-20,-63],[-82,-82],[-61,10],[-121,116],[-168,69],[-43,9],[-51,-18],[-1,-44],[19,-58],[12,-61],[64,-67],[395,-239],[97,-33],[109,-12],[227,1],[128,-25],[21,-64],[-20,-90],[5,-102],[148,-159],[212,-17],[242,20],[234,-50],[63,-45],[20,-38],[13,-41],[38,-57],[23,-63],[-27,-59],[-54,-45],[-58,-17],[-46,-42],[-143,-190],[-56,-56],[85,-27],[118,10],[116,35],[79,45],[105,20],[110,-69],[69,-90],[-16,-45],[-98,-21],[-204,-103],[-99,-35],[-382,-44],[0,-41],[131,3],[403,-83],[533,-41],[-62,-90],[-116,-45],[-127,-34],[-94,-54],[-206,-161],[-42,-69],[76,-78],[223,-77],[226,-31],[210,-56],[176,-157],[45,-95],[23,-113],[25,-393],[37,-113],[49,-98],[55,-84],[227,-206],[81,-127],[539,-504],[49,-60],[66,-132],[40,-52],[95,-258],[72,-107],[42,104],[105,-87],[103,-175],[76,-198],[20,-156],[-44,-94],[-187,-250],[-73,-65],[-383,-101],[-112,-58],[-78,-113],[-11,-118],[-22,-114],[-112,-105],[-2,-77],[-177,11],[-314,66],[100,-109],[210,-119],[102,-108],[-225,-69],[-191,-12],[-188,12],[-204,48],[-78,-8],[52,-81],[81,-38],[212,-22],[89,-25],[71,-68],[68,-84],[64,-48],[64,42],[35,0],[7,-256],[-14,-135],[-48,-59],[-38,-32],[3,-70],[30,-69],[43,-32],[59,9],[16,12],[12,-9],[43,-53],[53,-97],[47,-122],[68,-105],[115,-44],[114,-20],[86,-45],[77,-54],[87,-44],[135,4],[62,-11],[27,-51],[-9,-74],[-12,-58],[4,-52],[38,-60],[399,-468],[325,-136],[66,-57],[410,-353],[222,-124],[230,-49],[95,-65],[135,-153],[125,-30],[46,-37],[-37,-76],[-82,-66],[-22,-44],[29,-54],[55,-26],[130,-2],[59,-30],[12,-42],[16,-150],[13,-51],[38,0],[73,44],[88,-38],[176,-128],[67,-20],[256,-20],[172,-96],[343,-420],[209,-96],[91,-62],[138,-145],[123,-164],[46,-120],[-23,-26],[-38,-9],[-36,-19],[-16,-51],[186,-83],[62,-61],[95,-119],[171,-366],[77,-11],[41,-2],[52,13],[37,28],[68,74],[50,20],[102,-15],[284,-110],[87,-58],[26,-61],[-13,-67],[-23,-69],[-9,-66],[18,-27],[31,-25],[27,-39],[3,-71],[-49,-82],[-179,-159],[-78,-137],[-92,-63],[-415,-198],[-76,-70],[-58,-161],[-69,-70],[-87,-53],[-81,-25],[-66,-2],[-66,7],[-62,19],[-119,78],[-134,36],[-65,46],[-109,61],[-129,1],[-130,-35],[-312,-159],[-42,-32],[-57,-26],[-59,24],[-59,39],[-54,21],[-111,23],[-226,97],[-250,10],[-53,-16],[-43,-92],[-48,-47],[-58,-37],[-44,-16],[-93,32],[-59,76],[-54,94],[-78,82],[-88,36],[-715,97],[-326,106],[-179,93],[-153,120],[-136,156],[-89,175],[-128,395],[-89,164],[-75,56],[-217,119],[-4,5],[-40,45],[-27,50],[-59,0],[-65,-30],[-43,-38],[-16,-55],[11,-56],[47,-96],[65,-87],[114,-150],[24,-43],[207,-288],[24,-100],[27,-238],[46,-91],[17,-24],[40,-78],[14,-10],[47,-23],[15,-11],[44,-80],[31,-82],[20,-93],[13,-135],[-19,-121],[-69,-53],[-84,-15],[-63,-2],[-62,17],[-52,43],[-61,110],[-39,50],[-44,33],[-51,27],[-61,18],[-73,6],[-64,-13],[-43,-29],[-30,-29],[-28,-13],[-188,-7],[-116,-24],[-100,-51],[-128,-115],[-180,-222],[-70,-86],[-76,-148],[-6,-85],[-20,-289],[-32,-94],[-129,-117],[-40,-64],[-23,-59],[-29,-129],[-24,-59],[-213,-263],[-89,-110],[-42,-136],[5,-19],[10,-40],[60,-149],[4,-49],[-48129,0],[1,56],[-35,118],[-141,233],[-17,156],[24,64],[77,132],[17,68],[0,245],[-22,146],[-56,120],[-228,319],[8,54],[42,56],[25,122],[-39,141],[-147,202],[-3,123],[40,56],[79,82],[91,74],[73,32],[108,16],[85,48],[70,76],[63,103],[86,248],[-3,235],[-295,861],[-15,140],[46,83],[109,36],[224,23],[222,66],[418,176],[192,131],[86,83],[318,420],[68,138],[85,126],[128,88],[0,40],[-144,17],[-73,-91],[-55,-116],[-90,-57],[-71,-63],[-129,-279],[-66,-63],[-21,-32],[-26,-72],[-40,-70],[-65,-33],[-65,-14],[-53,-33],[-90,-74],[-122,-41],[-299,-31],[-146,-50],[25,188],[87,158],[190,266],[78,198],[35,188],[0,684],[68,208],[127,158],[869,640],[108,151],[173,350],[98,152],[100,116],[16,24],[6,15],[13,13],[13,18],[6,35],[-12,20],[-27,7],[-27,-7],[-13,-20],[-265,-221],[13,105],[60,66],[80,60],[77,93],[38,103],[7,106],[-10,197],[35,204],[100,76],[361,44],[760,207],[98,42],[77,59],[66,80],[168,315],[57,55],[-103,-318],[-146,-277],[-85,-132],[-59,-73],[-202,-183],[-47,-75],[-6,-90],[35,-215],[-2,-44],[2,-44],[28,-74],[38,-73],[50,-72],[63,-57],[73,-27],[243,-1],[99,-41],[30,-113],[-37,-469],[6,-272],[30,-116],[61,-122],[106,-144],[494,-454],[38,-63],[13,-166],[33,-10],[106,63],[40,-41],[98,-252],[96,-85],[111,-10],[110,14],[107,-1],[101,-53],[68,-97],[107,-349],[67,-126],[69,-64],[199,-102],[103,-101],[117,-226],[126,-100],[105,-42],[325,-46],[101,-56],[82,-120],[119,-253],[277,-431],[28,-145],[10,-121],[52,-20],[75,26],[80,14],[282,-67],[69,-30],[92,-88],[232,-339],[209,-177],[255,-133],[264,-35],[234,117],[55,72],[20,45],[21,19],[63,-5],[41,-27],[37,-47],[49,-40],[75,-11],[73,29],[103,105],[62,40],[29,0],[63,-24],[22,-1],[111,47],[5,17],[70,39],[16,-10],[56,-50],[30,-7],[40,29],[13,48],[4,106],[55,93],[309,282],[154,79],[167,31],[348,12],[1243,342],[111,-12],[744,-353],[123,-38],[119,-7],[108,23],[219,74],[98,-2],[57,-56],[31,-89],[22,-101],[62,-133],[68,36],[130,197],[464,193],[82,12],[99,-8],[149,-44],[289,-131],[158,-50],[334,92],[483,627],[350,119],[448,-3],[141,22],[74,35],[40,70],[291,899],[174,373],[19,63],[3,70],[-34,51],[-126,5],[-28,52],[42,148],[102,86],[638,326],[133,47],[343,35],[97,34],[96,79],[77,83],[90,68],[136,33],[1654,-92],[144,-46],[37,-4],[66,33],[39,49],[34,57],[55,53],[102,39],[91,-12],[93,-34],[108,-26],[269,11],[95,-15],[133,-58],[93,-55],[52,-82],[5,-135],[-32,-130],[-62,-114],[-87,-97],[-169,-134],[-33,-64],[17,-47],[83,-3],[212,76],[217,41],[213,-21],[203,-105],[182,-151],[79,-27],[249,-17],[323,-71],[264,-104],[410,-341],[251,-9],[219,97],[117,34],[117,-6],[120,-71],[279,-356],[157,-83],[137,33],[879,633],[333,450],[127,116],[103,44],[800,134],[223,4],[203,-68],[57,-53],[51,-65],[56,-57],[72,-25],[54,17],[120,89],[14,6],[822,372],[106,29],[130,-20],[128,-67],[440,-334],[119,-39],[130,33],[89,89],[35,115],[-1,128],[-26,127],[0,143],[63,101],[195,168],[82,102],[143,253],[104,313],[61,411],[-6,185],[-17,73],[-18,44],[-7,41],[16,65],[29,52],[51,57],[58,46],[55,23],[299,40],[311,129],[71,72],[10,112],[-24,127],[0,101],[25,101],[48,122],[14,74],[1,91],[-23,78],[-54,39],[-128,-16],[-89,-43],[-64,8],[-58,131],[-5,50],[5,199],[-12,60],[-63,94],[-20,52],[-5,111],[63,325],[84,232],[168,104],[429,62],[149,53],[35,69],[-16,92],[-8,124],[39,130],[68,40],[213,-19],[106,74],[237,217],[95,45],[86,54],[208,253],[119,80],[251,25],[116,43],[74,114],[-13,105],[-63,140],[-85,137],[-84,97],[-55,39],[-67,35],[-72,23],[-66,7],[-60,-19],[-120,-62],[-61,2],[-83,83],[12,120],[49,133],[24,123],[-17,57],[-60,119],[-5,58],[34,73],[50,23],[58,12],[61,45],[61,145],[-36,117],[-146,200],[-27,79],[12,27],[47,23],[75,69],[44,68],[20,62],[14,61],[24,70],[74,124],[90,92],[318,233],[64,77],[94,210],[95,152],[76,-24],[141,-226],[159,-81],[175,31],[362,169],[228,27],[89,40],[45,117],[21,253],[35,106],[193,275],[-15,45],[-83,30],[-88,114],[-4,104],[193,895],[101,276],[119,130],[55,-10],[49,-26],[50,-16],[58,24],[32,56],[-4,65],[-44,123],[-92,177],[-18,74],[-2,60],[11,121],[-6,62],[-138,358],[-22,142],[1,236],[32,233],[216,691],[-4,197],[-78,86],[-114,68],[-87,85],[3,135],[39,42],[194,115],[52,65],[106,232],[70,257],[62,525],[33,103],[43,137],[50,57],[111,33],[38,38],[39,56],[237,234],[42,-19],[39,-51],[53,-32],[77,20],[26,62],[22,77],[211,192],[25,178],[-4,196],[54,189],[73,78],[66,9],[49,-48],[25,-95],[53,-86],[110,-30],[234,-16],[132,-53],[69,-41],[34,-43],[22,-99],[34,-94],[58,-72],[93,-35],[69,41],[266,283],[101,66],[59,51],[41,72],[46,129],[60,-35],[57,-11],[129,-8],[249,-71],[76,-11],[158,48],[155,85],[141,29],[149,-155],[37,-2],[39,6],[39,-15],[20,-30],[20,-75],[142,-256],[54,-27],[58,-8],[58,19],[136,151],[60,-3],[62,-27],[98,28],[45,47],[-12,38],[-27,43],[-3,61],[43,86],[117,124],[38,75],[61,-8],[242,-377],[74,-5],[140,77],[146,-61],[107,3],[105,33],[175,160],[99,-14],[203,-154],[213,-50],[435,88],[229,0],[312,-91],[1020,21],[54,31],[89,87],[68,18],[80,-16],[43,-40],[32,-56],[44,-61],[205,-154],[449,-246],[312,-354],[131,-85],[153,-46],[190,-32],[90,-4],[153,12],[89,-37],[49,-48]],[[22357,1120],[26,-94],[6,-50],[-3,-48],[-19,-76],[-25,-27],[-30,15],[-39,47],[-37,67],[-67,187],[-14,75],[-13,37],[-20,35],[-3,29],[36,20],[68,-13],[57,-56],[46,-76],[31,-72]],[[24722,1581],[62,-21],[24,-51],[-3,-66],[-19,-66],[-65,-159],[-46,-82],[-49,-42],[-94,18],[-15,85],[25,96],[29,44],[38,39],[75,167],[38,38]],[[22541,2122],[45,-77],[-26,-132],[-65,-133],[-68,-78],[-33,14],[-31,57],[-20,67],[-7,43],[7,48],[17,46],[25,42],[55,62],[32,24],[34,17],[35,0]],[[30589,2153],[227,-26],[88,-38],[-6,-62],[-38,-66],[-65,-9],[-165,38],[-100,-1],[-72,-24],[-165,-97],[3,140],[64,87],[105,44],[124,14]],[[25617,2399],[193,-151],[86,-96],[51,-108],[-13,-79],[-64,-25],[-69,20],[-33,48],[-34,106],[-124,190],[7,95]],[[24477,2870],[59,-60],[37,-90],[0,-88],[-58,-55],[-59,1],[-76,23],[-65,42],[-27,55],[-36,40],[-62,48],[-18,40],[257,54],[48,-10]],[[10537,8255],[-30,98],[23,115],[12,128],[-62,129],[-72,108],[-46,131],[-55,272],[-113,272],[-344,473],[-112,273],[-18,280],[71,243],[157,184],[248,103],[122,8],[790,-48],[46,-66],[-12,-233],[60,-127],[635,-444],[655,-585],[95,-130],[48,-134],[7,-124],[-20,-251],[18,-134],[136,-335],[146,-516],[109,-219],[165,-161],[374,-181],[195,-47],[209,-89],[134,-7],[454,88],[212,10],[208,-57],[163,-103],[1346,-1226],[536,-305],[140,-171],[55,-275],[-35,-228],[1,-150],[53,-68],[91,-33],[78,-81],[56,-105],[20,-106],[-43,-460],[6,-228],[79,-248],[175,-250],[449,-385],[576,-671],[216,-179],[253,-142],[126,-47],[109,-25],[238,-13],[119,14],[175,58],[106,13],[633,-115],[531,-27],[228,-111],[197,-189],[569,-698],[152,-254],[47,-276],[-97,-159],[-63,-39],[-21800,0],[-20,288],[-25,147],[-67,88],[-67,-57],[-6,98],[36,283],[-20,139],[-58,120],[-94,52],[-134,-64],[-12,45],[0,602],[5,64],[-5,36],[0,17096],[33,-10],[119,-76],[152,-157],[435,-215],[500,-367],[544,-455],[88,-54],[205,-44],[68,-51],[114,-130],[138,-89],[61,-58],[43,-159],[47,-81],[120,-145],[169,-160],[173,-99],[532,-138],[190,-78],[100,-15],[73,-51],[171,-355],[290,-287],[105,-149],[28,-213],[178,41],[118,-108],[106,-147],[149,-73],[123,-87],[60,-202],[42,-685],[-11,-81],[-40,-80],[-54,-75],[-46,-83],[-20,-108],[-14,-47],[-56,-92],[-5,-45],[32,-50],[46,-21],[51,-11],[41,-22],[47,-60],[-5,-27],[-23,-20],[0,-37],[117,-203],[-16,-67],[12,-39],[33,-6],[47,35],[32,60],[-17,42],[-35,37],[-18,43],[-6,199],[-13,43],[-177,110],[-35,34],[65,92],[183,78],[201,-26],[122,-225],[5,-81],[-10,-163],[5,-81],[64,-197],[9,-68],[33,-117],[76,-147],[89,-92],[70,46],[-5,83],[-89,216],[-22,92],[0,246],[20,109],[55,109],[71,79],[86,51],[110,28],[134,8],[40,-21],[11,-51],[4,-61],[23,-51],[41,-30],[98,-44],[32,-26],[17,-43],[18,-163],[19,-49],[49,-98],[11,-34],[27,-40],[143,-107],[49,-15],[21,-40],[8,-49],[1,-2],[376,-1183],[131,-252],[161,-234],[405,-440],[298,-252],[315,-165],[267,32],[682,-510],[131,-53],[108,-139],[48,-31],[82,-70],[93,-162],[76,-184],[33,-136],[19,-190],[57,-174],[96,-130],[134,-57]],[[22945,0],[87,198],[123,115],[313,60],[155,86],[154,110],[146,28],[154,-37],[173,-82],[332,-202],[324,-276],[-1961,0]],[[23543,1126],[24,-123],[11,-174],[-23,-154],[-83,-68],[-472,-104],[-68,-34],[-71,-6],[-96,60],[-71,92],[-25,100],[4,105],[124,540],[112,183],[180,75],[103,-24],[92,-60],[81,-81],[65,-88],[66,-114],[47,-125]],[[24791,2273],[25,-62],[6,-56],[-5,-123],[-183,258],[-80,65],[-198,71],[-80,61],[-26,112],[54,-34],[320,-132],[48,-30],[46,-38],[40,-42],[33,-50]],[[26453,2676],[248,-56],[193,-140],[144,-183],[100,-185],[-4,-93],[-47,-32],[-64,15],[-55,47],[-91,175],[-42,47],[-198,103],[-32,42],[-20,48],[-132,175],[0,37]],[[24626,2027],[72,-81],[27,-47],[18,-75],[-165,-342],[-116,-161],[-139,-65],[-103,60],[-70,124],[-52,122],[-55,56],[-212,328],[-28,122],[-10,125],[14,74],[51,129],[39,198],[69,81],[86,16],[86,-52],[50,-92],[42,-107],[56,-89],[178,-66],[59,-74],[103,-184]],[[26360,2477],[85,-66],[77,-150],[47,-166],[-10,-113],[-30,-24],[-31,2],[-31,19],[-110,91],[-207,123],[-97,106],[-88,147],[-24,153],[95,121],[38,-29],[97,-26],[55,-26],[134,-162]],[[27138,3328],[55,-48],[52,-78],[32,-87],[-3,-77],[-43,-44],[-70,-25],[-75,-9],[-62,3],[-56,20],[-304,181],[-56,54],[-38,74],[-4,77],[32,58],[66,10],[95,-64],[0,49],[35,117],[71,-102],[89,-50],[184,-59]],[[31886,3539],[69,-35],[105,-13],[75,-31],[-25,-87],[36,-35],[24,-39],[13,-44],[3,-49],[-18,-39],[-23,-33],[-32,-27],[-38,-22],[-25,59],[-11,69],[-2,97],[-23,34],[-169,151],[41,44]],[[24372,3427],[9,-39],[0,-35],[-14,-29],[-29,-23],[-74,-8],[-89,29],[-151,88],[-126,-32],[-93,90],[-145,250],[5,68],[44,117],[57,110],[46,50],[32,12],[103,56],[57,12],[72,-17],[9,-47],[-18,-64],[-5,-70],[32,-141],[27,-71],[34,-56],[31,-21],[73,-9],[31,-15],[17,-27],[1,-27],[-2,-28],[4,-30],[13,-24],[35,-42],[14,-27]],[[22185,2146],[17,-74],[15,-41],[18,-4],[-47,-114],[-30,-221],[-56,-93],[-32,-22],[-58,-31],[-56,-13],[-24,27],[-18,14],[-96,128],[-291,283],[-195,119],[-236,49],[-473,-41],[-120,14],[-239,61],[-114,6],[-465,-118],[-220,-29],[-230,66],[-272,212],[-52,31],[-285,244],[16,127],[84,118],[113,86],[246,64],[62,80],[6,117],[-176,561],[-13,232],[119,159],[213,39],[160,-84],[286,-337],[43,-67],[9,-79],[-47,-98],[-18,-99],[90,-57],[130,-26],[103,-7],[79,20],[151,86],[74,20],[135,-8],[115,-28],[104,-56],[277,-226],[424,-214],[625,-490],[82,-101],[21,-41],[46,-144]],[[22617,2923],[203,-168],[63,-104],[-39,-137],[-224,-146],[-226,39],[-747,497],[-2,19],[-246,243],[-75,39],[-191,74],[-92,13],[-99,32],[-71,75],[-58,83],[-58,57],[-94,23],[-342,-23],[-107,-34],[-123,-67],[-127,-49],[-118,21],[-9,72],[69,113],[185,206],[82,117],[92,252],[76,99],[220,80],[258,-27],[468,-179],[448,-248],[388,-279],[225,-244],[271,-449]],[[28270,4305],[33,-121],[-3,-123],[-114,-420],[-44,5],[-96,92],[-10,-43],[0,-36],[14,-37],[34,-46],[-46,-27],[-22,-37],[-15,-47],[-31,-55],[-4,-25],[10,-71],[-6,-22],[-24,-6],[-64,9],[-25,-3],[-126,-34],[-96,31],[-198,121],[-45,4],[-118,-14],[-60,10],[-29,25],[-180,222],[-63,120],[-23,112],[63,56],[55,-22],[79,-99],[60,-5],[40,37],[-5,52],[-22,59],[-27,125],[-18,37],[7,26],[63,33],[62,5],[114,-44],[47,-6],[83,68],[45,203],[65,54],[58,-39],[163,-210],[81,-76],[35,73],[-1,77],[-27,74],[-44,64],[66,36],[70,11],[69,-14],[67,-35],[58,-55],[25,-33],[20,-36]],[[31087,3924],[10,-95],[62,-296],[-88,-128],[-25,-72],[38,-119],[4,-173],[17,-37],[21,-25],[-16,-56],[-49,-56],[-71,-25],[-75,-12],[-39,-36],[-16,-58],[-3,-79],[-73,-285],[-182,-33],[-464,175],[33,96],[-31,108],[-79,88],[-112,36],[0,44],[134,-6],[62,9],[31,34],[-20,55],[-65,18],[-142,8],[-112,44],[-44,46],[1,72],[35,36],[195,49],[-26,63],[-4,49],[30,91],[30,5],[64,43],[30,50],[-67,24],[-29,19],[-56,83],[-29,19],[-76,-8],[-49,-19],[-242,-141],[-82,-25],[-122,-9],[-49,-19],[-75,-84],[-65,-19],[-188,-9],[-58,9],[-141,81],[-23,109],[6,121],[-54,117],[-5,105],[136,92],[270,105],[64,38],[31,34],[57,94],[23,63],[3,52],[23,35],[83,12],[122,-31],[61,13],[25,77],[32,65],[72,-11],[127,-76],[225,-57],[178,7],[166,64],[188,112],[-22,66],[42,31],[62,-33],[31,-125],[-31,-219],[7,-103],[62,-108],[265,-128],[41,-51]],[[18996,4789],[34,-135],[-19,-147],[-159,-558],[-10,-145],[10,-147],[99,-336],[16,-132],[-18,-55],[-44,-6],[-55,4],[-53,-25],[-166,-154],[-43,-30],[-169,44],[-197,169],[-369,435],[-88,177],[-66,91],[-36,104],[8,147],[46,256],[14,217],[-18,107],[-105,96],[-57,118],[-47,136],[-18,101],[14,52],[51,112],[11,61],[-34,246],[12,126],[38,64],[76,25],[120,3],[211,-55],[173,-137],[297,-352],[420,-327],[86,-95],[35,-55]],[[19121,5512],[86,-406],[-10,-107],[-171,-39],[-244,169],[-346,360],[-233,318],[-87,48],[-55,13],[-108,58],[-835,133],[-216,116],[-214,210],[-169,220],[-122,226],[19,176],[254,72],[104,-25],[264,-134],[89,-66],[90,-50],[126,-32],[346,-33],[334,-69],[169,4],[55,-4],[60,-23],[111,-74],[56,-25],[463,-134],[154,-153],[30,-285],[0,-464]],[[14827,9637],[204,-278],[68,-155],[29,-221],[-43,-133],[-177,-225],[-39,-145],[20,-269],[-18,-112],[-78,-124],[-271,-198],[-35,-68],[-58,-67],[-134,-46],[-154,-26],[-112,-5],[-259,53],[-221,111],[-169,170],[-108,234],[-58,270],[-45,135],[-139,216],[-18,126],[66,495],[69,181],[126,122],[207,45],[97,-22],[195,-73],[109,9],[88,59],[269,292],[190,68],[179,-116],[142,-179],[78,-124]],[[102313,17215],[96,-54],[38,-42],[14,-70],[-15,-88],[-34,-17],[-45,17],[-54,11],[-174,5],[-57,-5],[-47,-21],[-73,-54],[-35,-6],[-94,57],[-17,96],[39,104],[69,84],[91,44],[103,8],[103,-22],[92,-47]],[[102987,17833],[85,-7],[91,-17],[81,-39],[56,-68],[13,-95],[-11,-131],[-26,-125],[-66,-162],[11,-343],[-42,-96],[-63,-55],[-58,16],[-26,116],[-47,89],[-294,177],[-85,112],[-71,136],[-50,146],[-19,141],[57,150],[140,60],[324,-5]],[[104476,18189],[9,-67],[3,-106],[-26,-76],[-77,26],[-284,202],[-40,105],[-185,159],[-44,119],[40,139],[105,54],[129,-17],[116,-75],[83,-98],[76,-114],[58,-124],[37,-127]],[[102389,18067],[-114,-128],[-227,52],[-459,198],[-473,0],[-94,16],[-88,40],[-77,55],[-62,54],[-43,61],[-23,73],[1,74],[34,63],[49,46],[64,46],[69,33],[63,6],[57,-27],[102,-75],[60,-16],[476,-40],[80,-61],[150,-187],[91,-40],[56,-12],[113,-53],[133,-29],[43,-40],[18,-54],[1,-55]],[[104212,19981],[-81,-7],[-107,39],[-157,89],[-80,69],[-138,159],[-84,60],[37,0],[106,32],[43,6],[21,-3],[115,-43],[110,-63],[120,-88],[84,-82],[48,-90],[-37,-78]],[[103395,21835],[235,-137],[49,-47],[17,-169],[-67,-156],[-196,-226],[-224,-27],[-249,192],[-143,288],[101,264],[186,193],[82,50],[69,-51],[140,-174]],[[28655,1618],[142,-76],[161,-121],[95,-144],[-57,-146],[-60,40],[-35,62],[-57,141],[-155,172],[-34,72]],[[29033,1618],[-53,-28],[-53,-7],[-53,16],[-107,80],[-119,16],[-50,29],[-77,119],[-19,109],[42,93],[111,67],[100,-29],[61,0],[28,49],[24,19],[52,7],[52,-15],[24,-51],[2,-141],[12,-102],[34,-99],[65,-132],[-76,0]],[[28712,2639],[85,-18],[91,-50],[47,-76],[-49,-96],[-40,-57],[-60,-45],[-288,-138],[-61,-4],[-50,38],[-35,82],[-28,164],[-47,75],[-75,49],[-149,34],[-83,42],[40,87],[-30,228],[28,94],[75,22],[84,-60],[165,-188],[30,-53],[19,-60],[32,-50],[70,-20],[229,0]],[[31477,1864],[89,-4],[73,-69],[-28,-87],[-54,-38],[-44,37],[-59,91],[23,70]],[[31114,2436],[19,-69],[2,-31],[-10,-53],[-27,-37],[-28,-23],[-48,-19],[-69,-2],[-27,25],[26,34],[29,72],[21,115],[52,59],[60,-71]],[[6096,43014],[47,-360],[99,-283],[37,-219],[34,-101],[62,-42],[15,-20],[118,-106],[25,-38],[15,-29],[182,-482],[101,-186],[134,-116],[122,-17],[138,-3],[112,-39],[48,-127],[0,-9],[4,-132],[10,-71],[20,-56],[50,-46],[78,-1],[54,-29],[51,-49],[-90,-49],[-49,-20],[-37,-29],[-16,-37],[18,-66],[39,-49],[46,-27],[75,-163],[68,-66],[78,-28],[86,11],[64,-66],[46,-37],[48,-19],[140,-7],[65,12],[134,43],[138,136],[44,71],[-17,164],[-1,102],[142,-189],[854,-1244],[107,-95],[149,-58],[89,-34],[125,62],[92,-89],[165,-163],[287,-231],[274,-143],[162,-2],[229,8],[684,25],[222,109],[71,129],[185,-34],[77,-68],[103,-27],[39,-26],[11,12],[178,-12],[-43,120],[-84,129],[-365,160],[162,58],[161,-31],[144,-123],[213,-139],[190,-64],[97,-25],[83,-11],[107,-26],[93,-34],[41,-34],[153,-70],[191,-113],[49,-57],[565,-1031],[306,-500],[267,-438],[204,-215],[556,-372],[617,-631],[293,-225],[1,-2],[-35,-313],[25,-464],[-62,-189],[-147,-157],[-411,-338],[-137,-177],[-83,-247],[-2,-253],[-35,-227],[-181,-168],[-62,-43],[-27,-50],[-19,-53],[-34,-53],[-162,-106],[-29,-36],[-44,-126],[-66,-75],[-90,-11],[-118,68],[-48,64],[-35,72],[-44,59],[-73,25],[-67,-21],[-95,-94],[-6,-5],[-55,-30],[-115,26],[-86,101],[-109,272],[3,53],[18,59],[-2,49],[-53,23],[-65,12],[-43,28],[-29,47],[-26,67],[-88,125],[-118,30],[-129,-32],[-191,-79],[-597,-247],[-194,-135],[-214,-109],[-218,-42],[-170,-95],[-68,-269],[-17,-133],[-48,-120],[-70,-105],[-86,-87],[-260,-167],[-154,-52],[-93,46],[-63,148],[-84,149],[-106,130],[-124,89],[-55,12],[-106,-5],[-54,23],[-38,47],[-65,139],[-42,71],[-29,48],[-11,68],[14,70],[36,66],[228,493],[91,63],[117,25],[101,40],[43,109],[9,112],[39,194],[8,338],[29,233],[-39,118],[-103,83],[-89,89],[5,137],[75,99],[72,36],[51,50],[10,145],[-15,121],[-36,77],[-71,26],[-254,-59],[-92,32],[-179,156],[-106,-24],[-145,-166],[-104,-29],[-231,62],[-74,10],[-68,-24],[-31,-40],[-24,-3],[-47,88],[-13,50],[-3,172],[10,53],[2,5],[17,50],[12,55],[-11,49],[-66,121],[-24,65],[-13,68],[-16,283],[-51,113],[-128,80],[-63,9],[-57,0],[-52,7],[-46,38],[-15,49],[2,133],[-9,36],[-95,-1],[-357,-272],[-98,-14],[-100,26],[-190,89],[-338,105],[-101,50],[-177,136],[-83,22],[-143,-18],[-94,8],[-123,41],[-54,28],[-160,82],[-109,102],[-62,112],[-206,667],[-38,44],[-59,22],[-64,6],[-50,-5],[-84,-56],[0,-11],[-84,2],[-48,28],[-25,32],[-14,19],[-51,32],[-79,-27],[-36,-49],[-15,-68],[-7,-134],[-37,-241],[6,-101],[44,-138],[11,-84],[-33,-52],[-48,-44],[-38,-62],[-5,-54],[18,-103],[3,-52],[-23,-148],[-49,-129],[-46,-92],[-40,124],[-66,97],[-100,32],[68,191],[6,96],[-55,41],[-72,-20],[-42,-49],[-53,-130],[-185,167],[-159,194],[-19,52],[-15,69],[-22,60],[-39,26],[-71,-39],[-40,-11],[-18,28],[12,43],[50,72],[10,29],[-13,59],[-48,100],[-11,65],[-24,21],[-53,-4],[-54,8],[-23,57],[-26,109],[-61,75],[-144,118],[-133,223],[-87,82],[-100,-38],[-49,-3],[-40,78],[-45,152],[-39,55],[-30,25],[-479,193],[-138,137],[1,239],[25,107],[29,13],[80,2],[21,25],[-6,56],[-31,55],[-61,26],[-85,49],[7,113],[22,124],[-39,79],[91,197],[56,92],[62,39],[17,39],[156,223],[-41,66],[-96,-32],[-103,-63],[-66,-30],[-85,42],[-31,72],[2,210],[-193,-118],[-91,-82],[-39,-2],[-18,84],[-40,0],[-108,33],[-145,244],[-99,277],[30,132],[118,70],[102,170],[73,214],[29,199],[-34,0],[-157,-321],[-108,-121],[-138,57],[-23,93],[27,255],[-22,81],[-74,8],[-57,-84],[-38,-118],[-16,-94],[23,-209],[-22,-85],[-97,-34],[-59,17],[-83,41],[-74,48],[-32,40],[-30,18],[-157,28],[-78,52],[-68,91],[-163,281],[52,98],[8,139],[-19,270],[-12,40],[-55,97],[-11,68],[-26,8],[-121,-1],[-43,15],[73,126],[-8,130],[-40,149],[-41,269],[-38,7],[-49,-26],[-48,-6],[-49,26],[-54,41],[-17,38],[63,17],[23,37],[-36,84],[-67,84],[-56,29],[5059,0]],[[7495,43014],[231,-1184],[335,-850],[298,-500],[71,-121],[41,-120],[-4,-85],[-143,13],[-70,77],[-199,192],[-107,68],[-44,30],[-155,-6],[-104,58],[74,157],[-55,192],[-37,259],[-79,52],[10,473],[-22,412],[-91,229],[-170,73],[-185,-24],[-125,-201],[-40,-101],[-34,-32],[-60,34],[-34,42],[-16,38],[-5,48],[0,71],[37,116],[189,123],[77,111],[19,231],[-14,125],[411,0]],[[1116,36470],[69,-53],[-15,-29],[-57,-23],[-166,-120],[-125,-23],[-115,35],[-86,92],[99,-25],[54,55],[52,70],[101,21],[-41,0],[183,12],[47,-12]],[[3469,36124],[-1,-55],[-9,-35],[-23,-26],[-42,-28],[-66,103],[-70,252],[-188,186],[12,62],[3,19],[61,70],[55,83],[11,60],[-13,108],[2,38],[29,37],[40,19],[33,27],[15,57],[8,109],[23,109],[35,36],[131,-302],[-2,-290],[88,-218],[46,-173],[-6,-83],[-20,-66],[-39,-30],[-50,-8],[-44,-13],[-13,-34],[-6,-14]],[[1990,40578],[76,-58],[148,-33],[44,-71],[-73,7],[-69,-7],[-61,-22],[-46,-35],[-81,-142],[-61,-68],[-28,46],[-3,300],[43,138],[111,-55]],[[88333,26456],[-126,-136],[-18,-91],[-4,-99],[-36,-91],[-89,-58],[-97,-3],[-102,19],[-101,6],[-125,-37],[-100,-67],[-179,-183],[-94,-63],[-203,-92],[-48,-47],[-7,-7],[-3,-98],[41,-110],[107,-219],[32,-123],[19,-132],[27,-694],[34,-217],[99,-166],[109,-42],[81,14],[42,-29],[-13,-170],[-51,-225],[-41,-99],[-60,-102],[-133,-138],[-35,-36],[-33,-54],[4,-122],[173,75],[19,-104],[-41,-109],[-126,-202],[-39,-116],[-31,-245],[-42,-87],[-510,-521],[-262,-163],[-228,28],[-27,47],[-41,148],[-27,60],[-44,46],[-118,88],[-348,345],[-79,114],[-55,116],[-115,376],[-70,78],[-102,7],[-227,-44],[-243,51],[-189,15],[-25,54],[-10,89],[18,35],[77,72],[18,57],[-37,265],[-76,122],[0,166],[-43,166],[-33,66],[-58,69],[-18,39],[-6,46],[-12,40],[-40,16],[-86,3],[-34,18],[-42,122],[-66,45],[-136,56],[-181,151],[-117,65],[-304,50],[-362,185],[1402,-50],[415,84],[383,231],[548,211],[193,74],[116,123],[85,172],[201,217],[669,571],[208,135],[933,605],[717,318],[139,18],[105,-43],[8,-77],[-81,-61],[-173,-83],[-46,-80],[-92,-236],[-16,-72],[-38,-81],[-172,-171],[-56,-94]],[[89245,26571],[4,-136],[51,-55],[73,-38],[72,-52],[139,-211],[362,-1122],[24,-141],[-8,-103],[-45,-235],[-3,-234],[31,-250],[73,-234],[128,-182],[195,-196],[80,-127],[13,-123],[-80,-94],[-121,5],[-129,60],[-100,71],[-48,20],[-107,-5],[-58,26],[-86,78],[-47,18],[-165,-18],[-116,27],[-316,125],[-73,53],[-44,84],[-67,586],[-64,234],[-181,463],[-49,230],[-22,483],[39,471],[101,-112],[102,70],[110,131],[124,71],[120,27],[3,69],[-47,93],[-33,99],[13,46],[36,23],[52,7],[62,-2],[2,0]]],"transform":{"scale":[0.00018039864008418616,0.00016832916035925126],"translate":[99.04648284520282,0.4358231512030333]},"objects":{"malaysia.state":{"type":"GeometryCollection","geometries":[{"arcs":[[[0,1,2,3,4,5,6,7,8,9,10,11,12,13,14,15,16,17,18,19,20,21,22,23,24,25,26,27,28,29,30,31,32,33,34,35,36,37,38,39,40,41,42,43,44,45]],[[46]],[[47]],[[48]],[[49]],[[50]],[[51]],[[52]],[[53]],[[54]],[[55]],[[56]],[[57]],[[58]],[[59]],[[60]],[[61]],[[62]],[[63]],[[64]],[[65]],[[66]],[[67]],[[68]],[[69]],[[70]],[[71]],[[72]],[[73]],[[74]],[[75]],[[76]],[[77]],[[78]],[[79]],[[80]],[[81]],[[82]],[[83]],[[84]],[[85]],[[86]],[[87]],[[88]],[[89]],[[90]],[[91]],[[92]],[[93]],[[94]],[[95]],[[96]],[[97]],[[98]],[[99]],[[100]],[[101]],[[102]],[[103]],[[104]],[[105]],[[106]],[[107]],[[108]],[[109]],[[110]],[[111]]],"type":"MultiPolygon","properties":{"state_id":2,"name":"Kedah","state":"KDH"},"id":"KDH"},{"arcs":[[112,113,114,115,116,117,118,119,120,121,122,123,124,125,126,127,128,129,130,131,132,133,134,135,136,137,138,139,140,141,142,143,144,145,146,147,148,149,150,151,152,153,154]],"type":"Polygon","properties":{"state_id":3,"name":"Kelantan","state":"KTN"},"id":"KTN"},{"arcs":[[[155,156,157,158,159,160,-19,161,162,-16,163,164,165,166,167,168,169,170,171,-6,172,173,174,175,-1,176,-45,177,178,179,180,-40,181,182,183,-36,184,185,186,-127,187,188,189,190,191,192,193,194,195,196,197,198,199,200,201,202,203,204,205,206,207,208,209,210,211,212,213,214,215,216,217,218,219,220,221,222,223,224,225,226,227,228,229,230,231,232,233,234,235,236,237,238,239,240,241,242,243,244,245,246,247,248,249,250,251,252,253,254,255,256,257,258,259,260,261,262,263,264,265,266,267,268,269,270,271,272,273,274,275,276,277,278,279,280,281,282,283,284,285,286,287,288,289,290,291,292,293,294,295,296,297,298,299,300,301,302,303,304,305,306,307,308,309,310,311,312,313,314,315,316,317,318,319,320,321,322,323,324,325,326,327,328,329,330,331,332,333,334,335,336,337,338,339,340,341,342,343,344,345,346,347,348,349,350,351,352,353,354,355,356,357,358,359,360,361,362,363,364,365,366,367,368,369,370,371,372,373,374,375,376,377,378,379,380,381,382,383,384,385,386,387,388,389,390,391]],[[392]],[[393]]],"type":"MultiPolygon","properties":{"state_id":8,"name":"Perak","state":"PRK"},"id":"PRK"},{"arcs":[[[-29,394,395,396,397,398,-156,399,-31,400]],[[401]],[[402]],[[403]],[[404]],[[405]],[[406]],[[407]]],"type":"MultiPolygon","properties":{"state_id":7,"name":"Pulau Pinang","state":"PNG"},"id":"PNG"},{"arcs":[[408,409,410,411,412,413,414,415,416,417,418,419,420,421,422]],"type":"Polygon","properties":{"state_id":14,"name":"Kuala Lumpur","state":"KUL"},"id":"KUL"},{"arcs":[[423,424,425,426,427,428,429,430,431,432,433,434,435,436,437,438,439,440,441,442,443,444,445,446,447,448,449,450,451,452,453,454,455,456,457,458,459,460,461,462,463,464,465,466,467,468,469,470,471]],"type":"Polygon","properties":{"state_id":5,"name":"Negeri Sembilan","state":"NSN"},"id":"NSN"},{"arcs":[[[472,473,474,475,476,477,478,479,480,481,482,-444,483,484,485,-440]],[[486]],[[487]],[[488]],[[489]],[[490]],[[491]],[[492]],[[493]],[[494]],[[495]],[[496,497,498]]],"type":"MultiPolygon","properties":{"state_id":4,"name":"Melaka","state":"MLK"},"id":"MLK"},{"arcs":[[-33,499]],"type":"Polygon","properties":{"state_id":9,"name":"Perlis","state":"PLS"},"id":"PLS"},{"arcs":[[[500,501,502,503,504,505,506,507,508,509,510,511,512,513,514,515,516,517,518,519,520,521,522,523,524,525,526,527,528,529,530,531,532,533,534,535,536,537,538,539,540,541,542,543,544,545,546,547,548,549,550,551,552,553,554,555,556,557,558,559,560,-470,561,562,563,564,565,-464,-463,566,567,568,569,570,571,572,573,574,575,576,577,578,579,580,581,582,583,584,585,586,587,588,589,590,591,592,593,594,-214,595,596,597,598,599,600,601,-206,602,603,-203,604,605,606,-199,607,608,609,-195,610,611,612,-121,613,614,615,616,-116,617,618,619,-155,620,-153,621,622,623,624,-148,625,626,627,628,629,630,631,632,633,634,635]],[[636]],[[637]],[[638]],[[639]],[[640]]],"type":"MultiPolygon","properties":{"state_id":6,"name":"Pahang","state":"PHG"},"id":"PHG"},{"arcs":[[[641,642,-506,643,644,645,646,-501,647,-635,648,649,650,651,652,-629,653,-144,654,-142,655,656,-139,657,658,659,660,661,662,663,664,-130,665]],[[666]],[[667]],[[668]],[[669]],[[670]],[[671]],[[672]],[[673]],[[674]],[[675]],[[676]],[[677]],[[678]],[[679]],[[680]],[[681]],[[682]],[[683]],[[684]],[[685]],[[686]],[[687]],[[688]],[[689]],[[690]],[[691]]],"type":"MultiPolygon","properties":{"state_id":11,"name":"Terengganu","state":"TRG"},"id":"TRG"},{"arcs":[[692,693,694,695,696,697,698,699,700]],"type":"Polygon","properties":{"state_id":16,"name":"Putrajaya","state":"PJY"},"id":"PJY"},{"arcs":[[[701]],[[702]],[[703]],[[704]],[[705]],[[706]],[[707]]],"type":"MultiPolygon","properties":{"state_id":15,"name":"WP Labuan","state":"LBN"},"id":"LBN"},{"arcs":[[[-452,708,709,-449,710,711,712,713,714,715,716,717,-385,718,719,720,721,722,723,724,725,726,727,728,729,730,731,732,733,734,735,736,737,738,739,740,741,742,743,744,745,746,747,748,749,750,751,752,753,754,-347,755,756,757,758,759,760,761,762,763,764,765,766,-334,767,768,-331,769,770,-328,771,772,773,774,775,776,777,778,779,780,781,782,783,784,785,786,787,788,789,790,791,792,793,-304,794,795,796,797,798,799,800,801,802,-294,803,804,805,806,807,808,809,810,811,-284,812,813,-281,814,815,-278,816,-276,817,818,-273,819,-271,820,821,822,-267,823,824,-264,825,826,-261,827,-259,828,829,830,831,832,833,-252,834,835,-249,836,837,-246,838,839,840,841,-241,842,843,844,845,846,847,848,849,850,851,-230,852,853,-227,854,855,-224,856,857,-221,858,859,-218,-592,860,861,862,-588,863,864,865,866,867,868,-581,869,870,871,872,-576,873,874,-573,875,876,877,878,879,880,881,-461,882,883,-458,884,885,886,-454,887],[-409,888,889,890,-420,891,892,893,-416,894,-414,895,-412,896,897],[898,899,-701,900,901,902,903,904,905]],[[906]],[[907]],[[908]],[[909]],[[910]],[[911]],[[912]],[[913]],[[914]],[[915]],[[916]],[[917]]],"type":"MultiPolygon","properties":{"state_id":10,"name":"Selangor","state":"SGR"},"id":"SGR"},{"arcs":[[[918]],[[919]],[[920]],[[921]],[[922]],[[923]],[[924]],[[925]],[[926]],[[927]],[[928]],[[929,930,931,932,933,934,935,936]],[[937]],[[938]],[[939]],[[940]],[[941]],[[942]],[[943]],[[944]],[[945]],[[946]],[[947]],[[948]],[[949]],[[950]],[[951]],[[952]],[[953]],[[954]],[[955]],[[956]],[[957]],[[958]],[[959]],[[960]],[[961]],[[962]],[[963]],[[964]],[[965]],[[966]],[[967]],[[968]],[[969]],[[970]],[[971]],[[972]],[[973]],[[974]],[[975]],[[976]],[[977]],[[978]],[[979]],[[980]],[[981]],[[982]],[[983]],[[984]],[[985]],[[986]],[[987]],[[988]],[[989]],[[990]],[[991]],[[992]],[[993]],[[994]],[[995]],[[996]],[[997]],[[998]],[[999]],[[1000]],[[1001]],[[1002]],[[1003]],[[1004]],[[1005]],[[1006]],[[1007]],[[1008]],[[1009]],[[1010]],[[1011]],[[1012]],[[1013]],[[1014]],[[1015]],[[1016]],[[1017]],[[1018]],[[1019]],[[1020]],[[1021]],[[1022]],[[1023]],[[1024]],[[1025]],[[1026]],[[1027]],[[1028]],[[1029]],[[1030]],[[1031]],[[1032]],[[1033]],[[1034]],[[1035]],[[1036]],[[1037]]],"type":"MultiPolygon","properties":{"state_id":12,"name":"Sabah","state":"SBH"},"id":"SBH"},{"arcs":[[[-482,1038,1039,1040,1041,1042,1043,1044,1045,-473,-439,1046,1047,-436,1048,1049,1050,1051,1052,1053,-429,1054,1055,-426,1056,1057,1058,1059,-560,1060,1061,1062,1063,1064,1065,1066,-552,1067,1068,1069,-548,1070,1071,1072,1073,1074,-542,1075,1076,1077,-538,1078,1079,1080,1081,-533,1082,1083,1084,-529,1085,1086,1087,1088,1089,1090,1091,1092,1093,-519,1094,1095,1096,1097,1098,-513,1099,1100,-510,1101]],[[1102]],[[1103]],[[1104]],[[1105]],[[1106]],[[1107]],[[1108]],[[1109]],[[1110]],[[1111]],[[1112]],[[1113]],[[1114]],[[1115]],[[1116]],[[1117]],[[1118]],[[1119]],[[1120]],[[1121]],[[1122]],[[1123]],[[1124]],[[1125]],[[1126]],[[1127]],[[1128]],[[1129]],[[1130]],[[1131]],[[1132]],[[1133]],[[1134]],[[1135]],[[1136]],[[1137]]],"type":"MultiPolygon","properties":{"state_id":1,"name":"Johor","state":"JHR"},"id":"JHR"},{"arcs":[[[-936,1138,1139,1140,-932,1141,-930,1142]],[[1143]],[[1144]],[[1145]]],"type":"MultiPolygon","properties":{"state_id":13,"name":"Sarawak","state":"SWK"},"id":"SWK"}]},"selection":{"type":"GeometryCollection","geometries":[{"arcs":[[[1146]],[[1147]],[[1148]],[[1149]],[[1150]],[[1151]],[[1152]],[[1153]],[[1154]],[[1155]],[[1156]],[[1157]],[[1158]],[[1159]],[[1160]],[[1161]],[[1162]],[[1163]],[[1164]],[[1165]],[[1166]],[[1167]],[[1168]],[[1169]],[[1170]],[[1171]],[[1172]],[[1173]],[[1174]],[[1175]],[[1176]],[[1177]],[[1178]],[[1179]],[[1180]],[[1181]]],"type":"MultiPolygon","properties":{"featurecla":"Admin-0 country","scalerank":0,"labelrank":2,"sovereignt":"Indonesia","sov_a3":"IDN","adm0_dif":0,"level":2,"type":"Sovereign country","tlc":"1","admin":"Indonesia","adm0_a3":"IDN","geou_dif":0,"geounit":"Indonesia","gu_a3":"IDN","su_dif":0,"subunit":"Indonesia","su_a3":"IDN","brk_diff":0,"name":"Indonesia","name_long":"Indonesia","brk_a3":"IDN","brk_name":"Indonesia","brk_group":null,"abbrev":"Indo.","postal":"INDO","formal_en":"Republic of Indonesia","formal_fr":null,"name_ciawf":"Indonesia","note_adm0":null,"note_brk":null,"name_sort":"Indonesia","name_alt":null,"mapcolor7":6,"mapcolor8":6,"mapcolor9":6,"mapcolor13":11,"pop_est":270625568,"pop_rank":17,"pop_year":2019,"gdp_md":1119190,"gdp_year":2019,"economy":"4. Emerging region: MIKT","income_grp":"4. Lower middle income","fips_10":"ID","iso_a2":"ID","iso_a2_eh":"ID","iso_a3":"IDN","iso_a3_eh":"IDN","iso_n3":"360","iso_n3_eh":"360","un_a3":"360","wb_a2":"ID","wb_a3":"IDN","woe_id":23424846,"woe_id_eh":23424846,"woe_note":"Exact WOE match as country","adm0_iso":"IDN","adm0_diff":null,"adm0_tlc":"IDN","adm0_a3_us":"IDN","adm0_a3_fr":"IDN","adm0_a3_ru":"IDN","adm0_a3_es":"IDN","adm0_a3_cn":"IDN","adm0_a3_tw":"IDN","adm0_a3_in":"IDN","adm0_a3_np":"IDN","adm0_a3_pk":"IDN","adm0_a3_de":"IDN","adm0_a3_gb":"IDN","adm0_a3_br":"IDN","adm0_a3_il":"IDN","adm0_a3_ps":"IDN","adm0_a3_sa":"IDN","adm0_a3_eg":"IDN","adm0_a3_ma":"IDN","adm0_a3_pt":"IDN","adm0_a3_ar":"IDN","adm0_a3_jp":"IDN","adm0_a3_ko":"IDN","adm0_a3_vn":"IDN","adm0_a3_tr":"IDN","adm0_a3_id":"IDN","adm0_a3_pl":"IDN","adm0_a3_gr":"IDN","adm0_a3_it":"IDN","adm0_a3_nl":"IDN","adm0_a3_se":"IDN","adm0_a3_bd":"IDN","adm0_a3_ua":"IDN","adm0_a3_un":-99,"adm0_a3_wb":-99,"continent":"Asia","region_un":"Asia","subregion":"South-Eastern Asia","region_wb":"East Asia & Pacific","name_len":9,"long_len":9,"abbrev_len":5,"tiny":-99,"homepart":1,"min_zoom":0,"min_label":1.7,"max_label":6.7,"label_x":101.892949,"label_y":-0.954404,"ne_id":1159320845,"wikidataid":"Q252","name_ar":"إندونيسيا","name_bn":"ইন্দোনেশিয়া","name_de":"Indonesien","name_en":"Indonesia","name_es":"Indonesia","name_fa":"اندونزی","name_fr":"Indonésie","name_el":"Ινδονησία","name_he":"אינדונזיה","name_hi":"इंडोनेशिया","name_hu":"Indonézia","name_id":"Indonesia","name_it":"Indonesia","name_ja":"インドネシア","name_ko":"인도네시아","name_nl":"Indonesië","name_pl":"Indonezja","name_pt":"Indonésia","name_ru":"Индонезия","name_sv":"Indonesien","name_tr":"Endonezya","name_uk":"Індонезія","name_ur":"انڈونیشیا","name_vi":"Indonesia","name_zh":"印度尼西亚","name_zht":"印度尼西亞","fclass_iso":"Admin-0 country","tlc_diff":null,"fclass_tlc":"Admin-0 country","fclass_us":null,"fclass_fr":null,"fclass_ru":null,"fclass_es":null,"fclass_cn":null,"fclass_tw":null,"fclass_in":null,"fclass_np":null,"fclass_pk":null,"fclass_de":null,"fclass_gb":null,"fclass_br":null,"fclass_il":null,"fclass_ps":null,"fclass_sa":null,"fclass_eg":null,"fclass_ma":null,"fclass_pt":null,"fclass_ar":null,"fclass_jp":null,"fclass_ko":null,"fclass_vn":null,"fclass_tr":null,"fclass_id":null,"fclass_pl":null,"fclass_gr":null,"fclass_it":null,"fclass_nl":null,"fclass_se":null,"fclass_bd":null,"fclass_ua":null,"filename":"IDN.geojson"}},{"arcs":[[[1182]],[[1183]],[[1184]],[[1185]],[[1186]]],"type":"MultiPolygon","properties":{"featurecla":"Admin-0 country","scalerank":0,"labelrank":3,"sovereignt":"Thailand","sov_a3":"THA","adm0_dif":0,"level":2,"type":"Sovereign country","tlc":"1","admin":"Thailand","adm0_a3":"THA","geou_dif":0,"geounit":"Thailand","gu_a3":"THA","su_dif":0,"subunit":"Thailand","su_a3":"THA","brk_diff":0,"name":"Thailand","name_long":"Thailand","brk_a3":"THA","brk_name":"Thailand","brk_group":null,"abbrev":"Thai.","postal":"TH","formal_en":"Kingdom of Thailand","formal_fr":null,"name_ciawf":"Thailand","note_adm0":null,"note_brk":null,"name_sort":"Thailand","name_alt":null,"mapcolor7":3,"mapcolor8":6,"mapcolor9":8,"mapcolor13":1,"pop_est":69625582,"pop_rank":16,"pop_year":2019,"gdp_md":543548,"gdp_year":2019,"economy":"5. Emerging region: G20","income_grp":"3. Upper middle income","fips_10":"TH","iso_a2":"TH","iso_a2_eh":"TH","iso_a3":"THA","iso_a3_eh":"THA","iso_n3":"764","iso_n3_eh":"764","un_a3":"764","wb_a2":"TH","wb_a3":"THA","woe_id":23424960,"woe_id_eh":23424960,"woe_note":"Exact WOE match as country","adm0_iso":"THA","adm0_diff":null,"adm0_tlc":"THA","adm0_a3_us":"THA","adm0_a3_fr":"THA","adm0_a3_ru":"THA","adm0_a3_es":"THA","adm0_a3_cn":"THA","adm0_a3_tw":"THA","adm0_a3_in":"THA","adm0_a3_np":"THA","adm0_a3_pk":"THA","adm0_a3_de":"THA","adm0_a3_gb":"THA","adm0_a3_br":"THA","adm0_a3_il":"THA","adm0_a3_ps":"THA","adm0_a3_sa":"THA","adm0_a3_eg":"THA","adm0_a3_ma":"THA","adm0_a3_pt":"THA","adm0_a3_ar":"THA","adm0_a3_jp":"THA","adm0_a3_ko":"THA","adm0_a3_vn":"THA","adm0_a3_tr":"THA","adm0_a3_id":"THA","adm0_a3_pl":"THA","adm0_a3_gr":"THA","adm0_a3_it":"THA","adm0_a3_nl":"THA","adm0_a3_se":"THA","adm0_a3_bd":"THA","adm0_a3_ua":"THA","adm0_a3_un":-99,"adm0_a3_wb":-99,"continent":"Asia","region_un":"Asia","subregion":"South-Eastern Asia","region_wb":"East Asia & Pacific","name_len":8,"long_len":8,"abbrev_len":5,"tiny":-99,"homepart":1,"min_zoom":0,"min_label":2.7,"max_label":8,"label_x":101.073198,"label_y":15.45974,"ne_id":1159321305,"wikidataid":"Q869","name_ar":"تايلاند","name_bn":"থাইল্যান্ড","name_de":"Thailand","name_en":"Thailand","name_es":"Tailandia","name_fa":"تایلند","name_fr":"Thaïlande","name_el":"Ταϊλάνδη","name_he":"תאילנד","name_hi":"थाईलैण्ड","name_hu":"Thaiföld","name_id":"Thailand","name_it":"Thailandia","name_ja":"タイ王国","name_ko":"태국","name_nl":"Thailand","name_pl":"Tajlandia","name_pt":"Tailândia","name_ru":"Таиланд","name_sv":"Thailand","name_tr":"Tayland","name_uk":"Таїланд","name_ur":"تھائی لینڈ","name_vi":"Thái Lan","name_zh":"泰国","name_zht":"泰國","fclass_iso":"Admin-0 country","tlc_diff":null,"fclass_tlc":"Admin-0 country","fclass_us":null,"fclass_fr":null,"fclass_ru":null,"fclass_es":null,"fclass_cn":null,"fclass_tw":null,"fclass_in":null,"fclass_np":null,"fclass_pk":null,"fclass_de":null,"fclass_gb":null,"fclass_br":null,"fclass_il":null,"fclass_ps":null,"fclass_sa":null,"fclass_eg":null,"fclass_ma":null,"fclass_pt":null,"fclass_ar":null,"fclass_jp":null,"fclass_ko":null,"fclass_vn":null,"fclass_tr":null,"fclass_id":null,"fclass_pl":null,"fclass_gr":null,"fclass_it":null,"fclass_nl":null,"fclass_se":null,"fclass_bd":null,"fclass_ua":null,"filename":"THA.geojson"}},{"arcs":[[[1187]],[[1188]]],"type":"MultiPolygon","properties":{"featurecla":"Admin-0 country","scalerank":0,"labelrank":6,"sovereignt":"Brunei","sov_a3":"BRN","adm0_dif":0,"level":2,"type":"Sovereign country","tlc":"1","admin":"Brunei","adm0_a3":"BRN","geou_dif":0,"geounit":"Brunei","gu_a3":"BRN","su_dif":0,"subunit":"Brunei","su_a3":"BRN","brk_diff":0,"name":"Brunei","name_long":"Brunei Darussalam","brk_a3":"BRN","brk_name":"Brunei","brk_group":null,"abbrev":"Brunei","postal":"BN","formal_en":"Negara Brunei Darussalam","formal_fr":null,"name_ciawf":"Brunei","note_adm0":null,"note_brk":null,"name_sort":"Brunei","name_alt":null,"mapcolor7":4,"mapcolor8":6,"mapcolor9":6,"mapcolor13":12,"pop_est":433285,"pop_rank":10,"pop_year":2019,"gdp_md":13469,"gdp_year":2019,"economy":"6. Developing region","income_grp":"2. High income: nonOECD","fips_10":"BX","iso_a2":"BN","iso_a2_eh":"BN","iso_a3":"BRN","iso_a3_eh":"BRN","iso_n3":"096","iso_n3_eh":"096","un_a3":"096","wb_a2":"BN","wb_a3":"BRN","woe_id":23424773,"woe_id_eh":23424773,"woe_note":"Exact WOE match as country","adm0_iso":"BRN","adm0_diff":null,"adm0_tlc":"BRN","adm0_a3_us":"BRN","adm0_a3_fr":"BRN","adm0_a3_ru":"BRN","adm0_a3_es":"BRN","adm0_a3_cn":"BRN","adm0_a3_tw":"BRN","adm0_a3_in":"BRN","adm0_a3_np":"BRN","adm0_a3_pk":"BRN","adm0_a3_de":"BRN","adm0_a3_gb":"BRN","adm0_a3_br":"BRN","adm0_a3_il":"BRN","adm0_a3_ps":"BRN","adm0_a3_sa":"BRN","adm0_a3_eg":"BRN","adm0_a3_ma":"BRN","adm0_a3_pt":"BRN","adm0_a3_ar":"BRN","adm0_a3_jp":"BRN","adm0_a3_ko":"BRN","adm0_a3_vn":"BRN","adm0_a3_tr":"BRN","adm0_a3_id":"BRN","adm0_a3_pl":"BRN","adm0_a3_gr":"BRN","adm0_a3_it":"BRN","adm0_a3_nl":"BRN","adm0_a3_se":"BRN","adm0_a3_bd":"BRN","adm0_a3_ua":"BRN","adm0_a3_un":-99,"adm0_a3_wb":-99,"continent":"Asia","region_un":"Asia","subregion":"South-Eastern Asia","region_wb":"East Asia & Pacific","name_len":6,"long_len":17,"abbrev_len":6,"tiny":2,"homepart":1,"min_zoom":0,"min_label":4,"max_label":9,"label_x":114.551943,"label_y":4.448298,"ne_id":1159320451,"wikidataid":"Q921","name_ar":"بروناي","name_bn":"ব্রুনাই","name_de":"Brunei","name_en":"Brunei","name_es":"Brunéi","name_fa":"برونئی","name_fr":"Brunei","name_el":"Μπρουνέι","name_he":"ברוניי","name_hi":"ब्रुनेई","name_hu":"Brunei","name_id":"Brunei Darussalam","name_it":"Brunei","name_ja":"ブルネイ","name_ko":"브루나이","name_nl":"Brunei","name_pl":"Brunei","name_pt":"Brunei","name_ru":"Бруней","name_sv":"Brunei","name_tr":"Brunei","name_uk":"Бруней","name_ur":"برونائی دار السلام","name_vi":"Brunei","name_zh":"文莱","name_zht":"汶萊","fclass_iso":"Admin-0 country","tlc_diff":null,"fclass_tlc":"Admin-0 country","fclass_us":null,"fclass_fr":null,"fclass_ru":null,"fclass_es":null,"fclass_cn":null,"fclass_tw":null,"fclass_in":null,"fclass_np":null,"fclass_pk":null,"fclass_de":null,"fclass_gb":null,"fclass_br":null,"fclass_il":null,"fclass_ps":null,"fclass_sa":null,"fclass_eg":null,"fclass_ma":null,"fclass_pt":null,"fclass_ar":null,"fclass_jp":null,"fclass_ko":null,"fclass_vn":null,"fclass_tr":null,"fclass_id":null,"fclass_pl":null,"fclass_gr":null,"fclass_it":null,"fclass_nl":null,"fclass_se":null,"fclass_bd":null,"fclass_ua":null,"filename":"BRN.geojson"}}]}}}